PRT1
970
2225
4 0 29 (4096 1000 432 ) (4096 1000 -208 ) (4096 144 -208 ) (4096 144 432 ) 
3 0 7 (4096 144 -200 ) (4096 144 -208 ) (4152 144 -200 ) 
4 0 4 (4768 144 -208 ) (4776 144 -208 ) (4776 144 -200 ) (4768 144 -200 ) 
4 0 3 (4096 144 432 ) (4096 144 -200 ) (4776 144 -200 ) (4776 144 432 ) 
4 0 2 (4096 432 -208 ) (4096 1000 -208 ) (4768 1000 -208 ) (4768 432 -208 ) 
4 0 1 (4776 144 -208 ) (4768 144 -208 ) (4768 1000 -208 ) (4776 1000 -208 ) 
4 1 9 (4768 1000 -210 ) (4776 1000 -210 ) (4776 144 -210 ) (4768 144 -210 ) 
4 1 4 (4768 144 -210 ) (4776 144 -210 ) (4776 144 -208 ) (4768 144 -208 ) 
4 1 2 (4768 432 -208 ) (4768 1000 -208 ) (4768 1000 -210 ) (4768 432 -210 ) 
4 2 30 (4096 1000 -208 ) (4096 1000 -210 ) (4096 432 -210 ) (4096 432 -208 ) 
4 2 10 (4096 432 -210 ) (4096 1000 -210 ) (4768 1000 -210 ) (4768 432 -210 ) 
4 3 35 (4096 0 -200 ) (4096 0 432 ) (4096 16 432 ) (4096 16 -200 ) 
4 3 31 (4096 16 432 ) (4096 144 432 ) (4096 144 -200 ) (4096 16 -200 ) 
4 3 17 (4096 0 432 ) (4096 0 -200 ) (4288 0 -200 ) (4288 0 432 ) 
4 3 14 (4288 0 -200 ) (4768 0 -200 ) (4768 0 432 ) (4288 0 432 ) 
4 3 13 (4768 0 -200 ) (4776 0 -200 ) (4776 0 432 ) (4768 0 432 ) 
4 3 7 (4096 144 -200 ) (4152 144 -200 ) (4152 16 -200 ) (4096 16 -200 ) 
4 3 8 (4160 16 -200 ) (4160 0 -200 ) (4096 0 -200 ) (4096 16 -200 ) 
4 3 6 (4768 16 -200 ) (4768 0 -200 ) (4160 0 -200 ) (4160 16 -200 ) 
4 3 4 (4768 144 -200 ) (4776 144 -200 ) (4776 0 -200 ) (4768 0 -200 ) 
4 4 13 (4768 0 -210 ) (4776 0 -210 ) (4776 0 -200 ) (4768 0 -200 ) 
4 4 9 (4776 0 -210 ) (4768 0 -210 ) (4768 144 -210 ) (4776 144 -210 ) 
4 4 5 (4768 144 -208 ) (4768 144 -210 ) (4768 16 -210 ) (4768 16 -208 ) 
4 4 6 (4768 0 -200 ) (4768 16 -200 ) (4768 16 -210 ) (4768 0 -210 ) 
4 5 11 (4160 16 -210 ) (4160 144 -210 ) (4768 144 -210 ) (4768 16 -210 ) 
4 5 6 (4160 16 -208 ) (4160 16 -210 ) (4768 16 -210 ) (4768 16 -208 ) 
4 6 17 (4160 0 -210 ) (4288 0 -210 ) (4288 0 -200 ) (4160 0 -200 ) 
4 6 14 (4288 0 -210 ) (4768 0 -210 ) (4768 0 -200 ) (4288 0 -200 ) 
4 6 12 (4768 0 -210 ) (4160 0 -210 ) (4160 16 -210 ) (4768 16 -210 ) 
4 6 8 (4160 0 -200 ) (4160 16 -200 ) (4160 16 -210 ) (4160 0 -210 ) 
4 7 32 (4096 16 -200 ) (4096 144 -200 ) (4096 144 -208 ) (4096 16 -208 ) 
3 7 8 (4152 16 -200 ) (4096 16 -200 ) (4096 16 -208 ) 
4 8 35 (4096 0 -210 ) (4096 0 -200 ) (4096 16 -200 ) (4096 16 -210 ) 
4 8 17 (4096 0 -200 ) (4096 0 -210 ) (4160 0 -210 ) (4160 0 -200 ) 
4 8 12 (4160 0 -210 ) (4096 0 -210 ) (4096 16 -210 ) (4160 16 -210 ) 
4 9 19 (4776 0 -210 ) (4768 0 -210 ) (4768 0 -216 ) (4776 0 -216 ) 
4 9 11 (4768 144 -216 ) (4768 16 -216 ) (4768 16 -210 ) (4768 144 -210 ) 
4 9 12 (4768 16 -216 ) (4768 0 -216 ) (4768 0 -210 ) (4768 16 -210 ) 
4 9 10 (4768 1000 -216 ) (4768 432 -216 ) (4768 432 -210 ) (4768 1000 -210 ) 
4 10 36 (4096 432 -210 ) (4096 1000 -210 ) (4096 1000 -216 ) (4096 432 -216 ) 
4 11 12 (4160 16 -216 ) (4768 16 -216 ) (4768 16 -210 ) (4160 16 -210 ) 
4 12 38 (4096 0 -216 ) (4096 0 -210 ) (4096 16 -210 ) (4096 16 -216 ) 
4 12 20 (4768 0 -210 ) (4096 0 -210 ) (4096 0 -216 ) (4768 0 -216 ) 
4 13 23 (4768 -1024 -210 ) (4776 -1024 -210 ) (4776 -1024 -200 ) (4768 -1024 -200 ) 
4 13 22 (4776 -1024 -200 ) (4776 -1024 432 ) (4768 -1024 432 ) (4768 -1024 -200 ) 
4 13 21 (4776 -1024 -210 ) (4768 -1024 -210 ) (4768 -1008 -210 ) (4776 -1008 -210 ) 
4 13 19 (4768 -1008 -210 ) (4768 0 -210 ) (4776 0 -210 ) (4776 -1008 -210 ) 
4 13 15 (4768 -1024 -200 ) (4768 -1024 432 ) (4768 -1008 432 ) (4768 -1008 -200 ) 
4 13 16 (4768 -1008 -210 ) (4768 -1024 -210 ) (4768 -1024 -208 ) (4768 -1008 -208 ) 
4 13 14 (4768 0 -210 ) (4768 -1008 -210 ) (4768 -1008 432 ) (4768 0 432 ) 
4 14 20 (4288 -1008 -210 ) (4288 0 -210 ) (4768 0 -210 ) (4768 -1008 -210 ) 
4 14 17 (4288 0 -210 ) (4288 -1008 -210 ) (4288 -1008 432 ) (4288 0 432 ) 
4 14 15 (4768 -1008 -200 ) (4768 -1008 432 ) (4288 -1008 432 ) (4288 -1008 -200 ) 
4 14 16 (4768 -1008 -210 ) (4768 -1008 -208 ) (4288 -1008 -208 ) (4288 -1008 -210 ) 
4 15 22 (4768 -1024 -200 ) (4768 -1024 432 ) (4288 -1024 432 ) (4288 -1024 -200 ) 
4 15 18 (4288 -1024 -200 ) (4288 -1024 432 ) (4288 -1008 432 ) (4288 -1008 -200 ) 
4 16 24 (4288 -1024 -210 ) (4768 -1024 -210 ) (4768 -1024 -208 ) (4288 -1024 -208 ) 
4 16 21 (4768 -1024 -210 ) (4288 -1024 -210 ) (4288 -1008 -210 ) (4768 -1008 -210 ) 
4 17 57 (4096 -1008 432 ) (4096 0 432 ) (4096 0 -210 ) (4096 -1008 -210 ) 
4 17 20 (4096 -1008 -210 ) (4096 0 -210 ) (4288 0 -210 ) (4288 -1008 -210 ) 
5 17 18 (4224 -1008 -208 ) (4288 -1008 -200 ) (4288 -1008 432 ) (4096 -1008 432 ) (4096 -1008 -208 ) 
4 18 59 (4096 -1024 -208 ) (4096 -1024 -200 ) (4096 -1008 -200 ) (4096 -1008 -208 ) 
4 18 58 (4096 -1024 -200 ) (4096 -1024 432 ) (4096 -1008 432 ) (4096 -1008 -200 ) 
5 18 25 (4096 -1024 432 ) (4096 -1024 -208 ) (4224 -1024 -208 ) (4288 -1024 -200 ) (4288 -1024 432 ) 
4 19 21 (4768 -1008 -216 ) (4776 -1008 -216 ) (4776 -1008 -210 ) (4768 -1008 -210 ) 
4 19 20 (4768 0 -216 ) (4768 -1008 -216 ) (4768 -1008 -210 ) (4768 0 -210 ) 
4 20 62 (4096 -1008 -210 ) (4096 0 -210 ) (4096 0 -216 ) (4096 -1008 -216 ) 
4 20 21 (4288 -1008 -216 ) (4768 -1008 -216 ) (4768 -1008 -210 ) (4288 -1008 -210 ) 
4 21 24 (4288 -1024 -216 ) (4768 -1024 -216 ) (4768 -1024 -210 ) (4288 -1024 -210 ) 
4 21 23 (4768 -1024 -216 ) (4776 -1024 -216 ) (4776 -1024 -210 ) (4768 -1024 -210 ) 
4 22 27 (4768 -1136 432 ) (4288 -1136 432 ) (4288 -1136 -200 ) (4768 -1136 -200 ) 
4 22 26 (4776 -1136 -200 ) (4776 -1136 432 ) (4768 -1136 432 ) (4768 -1136 -200 ) 
4 22 25 (4288 -1136 -200 ) (4288 -1136 432 ) (4288 -1024 432 ) (4288 -1024 -200 ) 
4 22 23 (4768 -1024 -200 ) (4776 -1024 -200 ) (4776 -1136 -200 ) (4768 -1136 -200 ) 
4 23 26 (4768 -1136 -216 ) (4776 -1136 -216 ) (4776 -1136 -200 ) (4768 -1136 -200 ) 
4 23 24 (4768 -1024 -216 ) (4768 -1136 -216 ) (4768 -1136 -208 ) (4768 -1024 -208 ) 
4 25 65 (4096 -1024 -200 ) (4096 -1024 -208 ) (4096 -1136 -208 ) (4096 -1136 -200 ) 
4 25 64 (4096 -1024 432 ) (4096 -1024 -200 ) (4096 -1136 -200 ) (4096 -1136 432 ) 
5 25 27 (4224 -1136 -208 ) (4288 -1136 -200 ) (4288 -1136 432 ) (4096 -1136 432 ) (4096 -1136 -208 ) 
4 26 365 (4768 -2048 432 ) (4768 -2048 -216 ) (4776 -2048 -216 ) (4776 -2048 432 ) 
4 26 28 (4768 -1424 -216 ) (4768 -2048 -216 ) (4768 -2048 -208 ) (4768 -1424 -208 ) 
4 26 27 (4768 -1136 432 ) (4768 -1136 -208 ) (4768 -2048 -208 ) (4768 -2048 432 ) 
4 27 365 (4096 -2048 432 ) (4096 -2048 -208 ) (4768 -2048 -208 ) (4768 -2048 432 ) 
4 27 71 (4096 -2048 -208 ) (4096 -2048 -200 ) (4096 -1552 -200 ) (4096 -1552 -208 ) 
4 27 70 (4096 -1552 -200 ) (4096 -1424 -200 ) (4096 -1424 -208 ) (4096 -1552 -208 ) 
4 27 69 (4096 -1424 -200 ) (4096 -1136 -200 ) (4096 -1136 -208 ) (4096 -1424 -208 ) 
4 27 68 (4096 -2048 -200 ) (4096 -2048 432 ) (4096 -1136 432 ) (4096 -1136 -200 ) 
4 27 28 (4768 -1424 -208 ) (4768 -2048 -208 ) (4096 -2048 -208 ) (4096 -1424 -208 ) 
4 28 365 (4096 -2048 -208 ) (4096 -2048 -216 ) (4768 -2048 -216 ) (4768 -2048 -208 ) 
4 28 73 (4096 -2048 -216 ) (4096 -2048 -208 ) (4096 -1424 -208 ) (4096 -1424 -216 ) 
4 29 39 (3072 1000 432 ) (3072 1000 -208 ) (3072 144 -208 ) (3072 144 432 ) 
3 29 34 (3128 144 -200 ) (3072 144 -200 ) (3072 144 -208 ) 
4 29 32 (4096 144 -208 ) (4096 144 -200 ) (3712 144 -200 ) (3776 144 -208 ) 
4 29 31 (4096 144 -200 ) (4096 144 432 ) (3072 144 432 ) (3072 144 -200 ) 
4 29 30 (3072 432 -208 ) (3072 1000 -208 ) (4096 1000 -208 ) (4096 432 -208 ) 
4 30 40 (3072 1000 -208 ) (3072 1000 -210 ) (3072 432 -210 ) (3072 432 -208 ) 
4 30 36 (3072 432 -210 ) (3072 1000 -210 ) (4096 1000 -210 ) (4096 432 -210 ) 
4 31 41 (3072 144 432 ) (3072 144 -200 ) (3072 16 -200 ) (3072 16 432 ) 
4 31 35 (3072 16 432 ) (3072 16 -200 ) (4096 16 -200 ) (4096 16 432 ) 
4 31 34 (3128 16 -200 ) (3072 16 -200 ) (3072 144 -200 ) (3128 144 -200 ) 
4 31 32 (4096 16 -200 ) (3712 16 -200 ) (3712 144 -200 ) (4096 144 -200 ) 
4 32 35 (4096 16 -208 ) (4096 16 -200 ) (3712 16 -200 ) (3776 16 -208 ) 
4 33 37 (3136 144 -210 ) (3712 144 -210 ) (3712 16 -210 ) (3136 16 -210 ) 
4 33 35 (3136 16 -210 ) (3712 16 -210 ) (3712 16 -208 ) (3136 16 -208 ) 
4 34 42 (3072 144 -200 ) (3072 144 -208 ) (3072 16 -208 ) (3072 16 -200 ) 
3 34 35 (3072 16 -200 ) (3072 16 -208 ) (3128 16 -200 ) 
4 35 57 (4096 0 -210 ) (4096 0 432 ) (3072 0 432 ) (3072 0 -210 ) 
4 35 44 (3072 0 -210 ) (3072 0 -200 ) (3072 16 -200 ) (3072 16 -210 ) 
4 35 41 (3072 0 -200 ) (3072 0 432 ) (3072 16 432 ) (3072 16 -200 ) 
4 35 38 (3072 0 -210 ) (3072 16 -210 ) (4096 16 -210 ) (4096 0 -210 ) 
4 36 47 (3072 432 -210 ) (3072 1000 -210 ) (3072 1000 -216 ) (3072 432 -216 ) 
4 37 38 (3136 16 -216 ) (3712 16 -216 ) (3712 16 -210 ) (3136 16 -210 ) 
4 38 62 (4096 0 -216 ) (4096 0 -210 ) (3072 0 -210 ) (3072 0 -216 ) 
4 38 50 (3072 0 -216 ) (3072 0 -210 ) (3072 16 -210 ) (3072 16 -216 ) 
4 39 53 (2048 1000 432 ) (2048 1000 -208 ) (2048 144 -208 ) (2048 144 432 ) 
4 39 46 (2048 144 -200 ) (2048 144 -204 ) (2080 144 -204 ) (2080 144 -200 ) 
4 39 42 (2752 144 -208 ) (3072 144 -208 ) (3072 144 -200 ) (2688 144 -200 ) 
4 39 41 (2048 144 432 ) (2048 144 -200 ) (3072 144 -200 ) (3072 144 432 ) 
4 39 40 (2048 432 -208 ) (2048 1000 -208 ) (3072 1000 -208 ) (3072 432 -208 ) 
4 40 54 (2048 1000 -208 ) (2048 1000 -210 ) (2048 432 -210 ) (2048 432 -208 ) 
4 40 47 (3072 1000 -210 ) (3072 432 -210 ) (2048 432 -210 ) (2048 1000 -210 ) 
4 41 93 (2072 0 432 ) (2048 0 432 ) (2048 0 -200 ) (2072 0 -200 ) 
4 41 82 (2080 0 432 ) (2072 0 432 ) (2072 0 -200 ) (2080 0 -200 ) 
4 41 76 (3072 0 -200 ) (3072 0 432 ) (2080 0 432 ) (2080 0 -200 ) 
4 41 55 (2048 0 -200 ) (2048 0 432 ) (2048 144 432 ) (2048 144 -200 ) 
4 41 46 (2048 144 -200 ) (2080 144 -200 ) (2080 0 -200 ) (2048 0 -200 ) 
4 41 42 (2688 144 -200 ) (3072 144 -200 ) (3072 16 -200 ) (2688 16 -200 ) 
4 41 44 (3072 16 -200 ) (3072 0 -200 ) (2208 0 -200 ) (2208 16 -200 ) 
4 42 44 (3072 16 -208 ) (3072 16 -200 ) (2688 16 -200 ) (2752 16 -208 ) 
4 43 48 (2688 16 -210 ) (2208 16 -210 ) (2208 144 -210 ) (2688 144 -210 ) 
4 43 45 (2208 144 -208 ) (2208 144 -210 ) (2208 16 -210 ) (2208 16 -208 ) 
4 43 44 (2208 16 -208 ) (2208 16 -210 ) (2688 16 -210 ) (2688 16 -208 ) 
4 44 79 (2816 0 -200 ) (2208 0 -200 ) (2208 0 -210 ) (2816 0 -210 ) 
4 44 77 (3072 0 -210 ) (3072 0 -200 ) (2816 0 -200 ) (2816 0 -210 ) 
4 44 50 (3072 16 -210 ) (3072 0 -210 ) (2208 0 -210 ) (2208 16 -210 ) 
4 44 45 (2208 16 -208 ) (2208 16 -210 ) (2208 0 -210 ) (2208 0 -208 ) 
4 45 81 (2080 0 -208 ) (2080 0 -210 ) (2208 0 -210 ) (2208 0 -208 ) 
4 45 51 (2208 0 -210 ) (2080 0 -210 ) (2080 16 -210 ) (2208 16 -210 ) 
4 45 48 (2080 16 -210 ) (2080 144 -210 ) (2208 144 -210 ) (2208 16 -210 ) 
4 46 93 (2072 0 -200 ) (2048 0 -200 ) (2048 0 -204 ) (2072 0 -204 ) 
4 46 82 (2080 0 -200 ) (2072 0 -200 ) (2072 0 -204 ) (2080 0 -204 ) 
4 46 55 (2048 0 -204 ) (2048 0 -200 ) (2048 144 -200 ) (2048 144 -204 ) 
4 47 54 (2048 432 -210 ) (2048 1000 -210 ) (2048 1000 -216 ) (2048 432 -216 ) 
4 48 51 (2080 16 -216 ) (2208 16 -216 ) (2208 16 -210 ) (2080 16 -210 ) 
4 48 50 (2208 16 -216 ) (2688 16 -216 ) (2688 16 -210 ) (2208 16 -210 ) 
4 48 49 (2080 144 -212 ) (2080 144 -216 ) (2080 16 -216 ) (2080 16 -212 ) 
4 49 56 (2048 144 -212 ) (2048 144 -216 ) (2048 16 -216 ) (2048 16 -212 ) 
4 49 52 (2048 16 -216 ) (2080 16 -216 ) (2080 16 -212 ) (2048 16 -212 ) 
4 50 88 (3072 0 -216 ) (3072 0 -210 ) (2208 0 -210 ) (2208 0 -216 ) 
4 50 51 (2208 16 -210 ) (2208 16 -216 ) (2208 0 -216 ) (2208 0 -210 ) 
4 51 89 (2208 0 -210 ) (2080 0 -210 ) (2080 0 -216 ) (2208 0 -216 ) 
4 51 52 (2080 16 -212 ) (2080 16 -216 ) (2080 0 -216 ) (2080 0 -212 ) 
4 52 94 (2048 0 -212 ) (2048 0 -216 ) (2072 0 -216 ) (2072 0 -212 ) 
4 52 91 (2072 0 -216 ) (2080 0 -216 ) (2080 0 -212 ) (2072 0 -212 ) 
4 52 56 (2048 0 -216 ) (2048 0 -212 ) (2048 16 -212 ) (2048 16 -216 ) 
4 53 402 (1024 1000 432 ) (1024 1000 -208 ) (1024 144 -208 ) (1024 144 432 ) 
4 53 55 (2048 144 -204 ) (2048 144 432 ) (1024 144 432 ) (1024 144 -204 ) 
4 53 54 (1024 432 -208 ) (1024 1000 -208 ) (2048 1000 -208 ) (2048 432 -208 ) 
4 54 403 (1024 1000 -208 ) (1024 1000 -216 ) (1024 432 -216 ) (1024 432 -208 ) 
4 55 404 (1024 0 -204 ) (1024 0 432 ) (1024 144 432 ) (1024 144 -204 ) 
4 55 204 (1024 0 -200 ) (1024 0 -204 ) (1328 0 -204 ) (1328 0 -200 ) 
4 55 203 (1328 0 432 ) (1024 0 432 ) (1024 0 -200 ) (1328 0 -200 ) 
4 55 120 (2048 0 -204 ) (2048 0 432 ) (1328 0 432 ) (1328 0 -204 ) 
4 56 405 (1024 0 -216 ) (1024 0 -212 ) (1024 144 -212 ) (1024 144 -216 ) 
4 56 205 (1328 0 -212 ) (1024 0 -212 ) (1024 0 -216 ) (1328 0 -216 ) 
4 56 121 (2048 0 -216 ) (2048 0 -212 ) (1328 0 -212 ) (1328 0 -216 ) 
4 57 77 (3072 0 -200 ) (3072 0 -210 ) (3072 -1008 -210 ) (3072 -1008 -200 ) 
4 57 76 (3072 0 432 ) (3072 0 -200 ) (3072 -1008 -200 ) (3072 -1008 432 ) 
4 57 62 (3072 -1008 -210 ) (3072 0 -210 ) (4096 0 -210 ) (4096 -1008 -210 ) 
4 57 61 (3200 -1008 -208 ) (3264 -1008 -200 ) (3072 -1008 -200 ) (3072 -1008 -208 ) 
4 57 60 (3264 -1008 -210 ) (3840 -1008 -210 ) (3840 -1008 -208 ) (3264 -1008 -208 ) 
4 57 59 (4096 -1008 -208 ) (4096 -1008 -200 ) (3848 -1008 -200 ) (3904 -1008 -208 ) 
4 57 58 (4096 -1008 -200 ) (4096 -1008 432 ) (3072 -1008 432 ) (3072 -1008 -200 ) 
4 58 76 (3072 -1024 -200 ) (3072 -1024 432 ) (3072 -1008 432 ) (3072 -1008 -200 ) 
4 58 64 (4096 -1024 -200 ) (4096 -1024 432 ) (3072 -1024 432 ) (3072 -1024 -200 ) 
4 58 61 (3072 -1024 -200 ) (3072 -1008 -200 ) (3264 -1008 -200 ) (3264 -1024 -200 ) 
4 58 59 (3848 -1008 -200 ) (4096 -1008 -200 ) (4096 -1024 -200 ) (3848 -1024 -200 ) 
4 59 65 (4096 -1024 -208 ) (4096 -1024 -200 ) (3848 -1024 -200 ) (3904 -1024 -208 ) 
4 60 66 (3264 -1024 -208 ) (3264 -1024 -210 ) (3840 -1024 -210 ) (3840 -1024 -208 ) 
4 60 63 (3264 -1008 -210 ) (3840 -1008 -210 ) (3840 -1024 -210 ) (3264 -1024 -210 ) 
4 61 78 (3072 -1024 -208 ) (3072 -1024 -200 ) (3072 -1008 -200 ) (3072 -1008 -208 ) 
4 61 67 (3264 -1024 -200 ) (3072 -1024 -200 ) (3072 -1024 -208 ) (3200 -1024 -208 ) 
4 62 88 (3072 0 -210 ) (3072 0 -216 ) (3072 -1008 -216 ) (3072 -1008 -210 ) 
4 62 63 (3264 -1008 -216 ) (3840 -1008 -216 ) (3840 -1008 -210 ) (3264 -1008 -210 ) 
4 63 66 (3840 -1024 -210 ) (3264 -1024 -210 ) (3264 -1024 -216 ) (3840 -1024 -216 ) 
4 64 231 (3072 -1024 432 ) (3072 -1024 -200 ) (3072 -1136 -200 ) (3072 -1136 432 ) 
4 64 68 (4096 -1136 -200 ) (4096 -1136 432 ) (3072 -1136 432 ) (3072 -1136 -200 ) 
4 64 67 (3264 -1136 -200 ) (3072 -1136 -200 ) (3072 -1024 -200 ) (3264 -1024 -200 ) 
4 64 65 (4096 -1136 -200 ) (3848 -1136 -200 ) (3848 -1024 -200 ) (4096 -1024 -200 ) 
4 65 69 (4096 -1136 -208 ) (4096 -1136 -200 ) (3848 -1136 -200 ) (3904 -1136 -208 ) 
4 67 232 (3072 -1024 -200 ) (3072 -1024 -208 ) (3072 -1136 -208 ) (3072 -1136 -200 ) 
4 67 69 (3200 -1136 -208 ) (3264 -1136 -200 ) (3072 -1136 -200 ) (3072 -1136 -208 ) 
4 68 367 (4096 -2048 -200 ) (4096 -2048 432 ) (3072 -2048 432 ) (3072 -2048 -200 ) 
4 68 231 (3072 -2048 -200 ) (3072 -2048 432 ) (3072 -1136 432 ) (3072 -1136 -200 ) 
4 68 71 (4096 -1552 -200 ) (4096 -2048 -200 ) (3672 -2048 -200 ) (3672 -1552 -200 ) 
4 68 72 (3544 -2048 -200 ) (3072 -2048 -200 ) (3072 -1552 -200 ) (3544 -1552 -200 ) 
4 68 70 (4096 -1424 -200 ) (4096 -1552 -200 ) (3672 -1552 -200 ) (3672 -1424 -200 ) 
4 68 69 (3072 -1136 -200 ) (4096 -1136 -200 ) (4096 -1424 -200 ) (3072 -1424 -200 ) 
4 69 233 (3072 -1424 -200 ) (3072 -1136 -200 ) (3072 -1136 -208 ) (3072 -1424 -208 ) 
4 69 70 (3672 -1424 -208 ) (4096 -1424 -208 ) (4096 -1424 -200 ) (3672 -1424 -200 ) 
4 70 73 (3672 -1424 -208 ) (4096 -1424 -208 ) (4096 -1552 -208 ) (3672 -1552 -208 ) 
4 70 71 (3672 -1552 -208 ) (4096 -1552 -208 ) (4096 -1552 -200 ) (3672 -1552 -200 ) 
4 71 368 (4096 -2048 -208 ) (4096 -2048 -200 ) (3672 -2048 -200 ) (3672 -2048 -208 ) 
4 71 73 (4096 -2048 -208 ) (3672 -2048 -208 ) (3672 -1552 -208 ) (4096 -1552 -208 ) 
4 72 369 (3544 -2048 -200 ) (3072 -2048 -200 ) (3072 -2048 -208 ) (3544 -2048 -208 ) 
4 72 234 (3072 -2048 -208 ) (3072 -2048 -200 ) (3072 -1552 -200 ) (3072 -1552 -208 ) 
4 72 75 (3544 -2048 -208 ) (3072 -2048 -208 ) (3072 -1560 -208 ) (3544 -1560 -208 ) 
4 72 74 (3072 -1560 -208 ) (3072 -1552 -208 ) (3544 -1552 -208 ) (3544 -1560 -208 ) 
4 73 372 (4096 -2048 -216 ) (4096 -2048 -208 ) (3544 -2048 -208 ) (3544 -2048 -216 ) 
4 73 75 (3544 -2048 -210 ) (3544 -2048 -208 ) (3544 -1560 -208 ) (3544 -1560 -210 ) 
4 73 74 (3544 -1424 -208 ) (3544 -1424 -216 ) (3544 -1560 -216 ) (3544 -1560 -208 ) 
4 74 237 (3072 -1560 -208 ) (3072 -1424 -208 ) (3072 -1424 -216 ) (3072 -1560 -216 ) 
4 74 75 (3544 -1560 -210 ) (3544 -1560 -208 ) (3072 -1560 -208 ) (3072 -1560 -210 ) 
4 75 373 (3544 -2048 -208 ) (3072 -2048 -208 ) (3072 -2048 -210 ) (3544 -2048 -210 ) 
4 75 238 (3072 -2048 -210 ) (3072 -2048 -208 ) (3072 -1560 -208 ) (3072 -1560 -210 ) 
4 76 231 (3072 -1024 -200 ) (3072 -1024 432 ) (2080 -1024 432 ) (2080 -1024 -200 ) 
4 76 87 (2080 -1024 288 ) (2080 -1024 432 ) (2080 -304 432 ) (2080 -304 288 ) 
4 76 86 (2080 -304 432 ) (2080 -296 432 ) (2080 -296 288 ) (2080 -304 288 ) 
4 76 85 (2080 -296 432 ) (2080 -288 432 ) (2080 -288 -200 ) (2080 -296 -200 ) 
4 76 83 (2080 -288 432 ) (2080 -160 432 ) (2080 -160 -200 ) (2080 -288 -200 ) 
4 76 82 (2080 -160 432 ) (2080 0 432 ) (2080 0 -200 ) (2080 -160 -200 ) 
4 76 79 (2208 0 -200 ) (2816 0 -200 ) (2816 -1008 -200 ) (2208 -1008 -200 ) 
4 76 78 (3072 -1008 -200 ) (3072 -1024 -200 ) (2824 -1024 -200 ) (2824 -1008 -200 ) 
4 76 77 (2816 0 -200 ) (3072 0 -200 ) (3072 -1008 -200 ) (2816 -1008 -200 ) 
4 77 88 (2816 0 -210 ) (3072 0 -210 ) (3072 -1008 -210 ) (2816 -1008 -210 ) 
4 77 79 (2816 0 -210 ) (2816 -1008 -210 ) (2816 -1008 -200 ) (2816 0 -200 ) 
4 77 78 (2880 -1008 -208 ) (3072 -1008 -208 ) (3072 -1008 -200 ) (2824 -1008 -200 ) 
4 78 232 (3072 -1024 -208 ) (3072 -1024 -200 ) (2824 -1024 -200 ) (2880 -1024 -208 ) 
4 79 88 (2208 0 -210 ) (2816 0 -210 ) (2816 -1008 -210 ) (2208 -1008 -210 ) 
4 79 81 (2208 0 -210 ) (2208 -1008 -210 ) (2208 -1008 -208 ) (2208 0 -208 ) 
4 79 80 (2208 -1008 -208 ) (2208 -1008 -210 ) (2816 -1008 -210 ) (2816 -1008 -208 ) 
4 80 236 (2208 -1024 -208 ) (2208 -1024 -210 ) (2816 -1024 -210 ) (2816 -1024 -208 ) 
4 80 90 (2816 -1008 -210 ) (2816 -1024 -210 ) (2208 -1024 -210 ) (2208 -1008 -210 ) 
4 80 81 (2208 -1008 -210 ) (2208 -1024 -210 ) (2208 -1024 -208 ) (2208 -1008 -208 ) 
4 81 236 (2080 -1024 -208 ) (2080 -1024 -210 ) (2208 -1024 -210 ) (2208 -1024 -208 ) 
4 81 90 (2208 -1008 -210 ) (2208 -1024 -210 ) (2080 -1024 -210 ) (2080 -1008 -210 ) 
4 81 89 (2080 0 -210 ) (2208 0 -210 ) (2208 -1008 -210 ) (2080 -1008 -210 ) 
4 81 84 (2080 -160 -210 ) (2080 -288 -210 ) (2080 -288 -208 ) (2080 -160 -208 ) 
4 82 93 (2072 0 432 ) (2072 0 -204 ) (2072 -160 -204 ) (2072 -160 432 ) 
4 82 83 (2072 -160 432 ) (2072 -160 -200 ) (2080 -160 -200 ) (2080 -160 432 ) 
4 83 95 (2072 -160 432 ) (2072 -160 -200 ) (2072 -288 -200 ) (2072 -288 432 ) 
4 83 85 (2072 -288 432 ) (2072 -288 -200 ) (2080 -288 -200 ) (2080 -288 432 ) 
4 84 96 (2072 -160 -208 ) (2072 -160 -210 ) (2072 -288 -210 ) (2072 -288 -208 ) 
4 84 92 (2072 -288 -210 ) (2072 -160 -210 ) (2080 -160 -210 ) (2080 -288 -210 ) 
4 85 97 (2072 -288 432 ) (2072 -288 -202 ) (2072 -296 -202 ) (2072 -296 432 ) 
4 85 86 (2072 -296 432 ) (2072 -296 288 ) (2080 -296 288 ) (2080 -296 432 ) 
4 86 99 (2072 -296 432 ) (2072 -296 288 ) (2072 -304 288 ) (2072 -304 432 ) 
4 86 87 (2072 -304 432 ) (2072 -304 288 ) (2080 -304 288 ) (2080 -304 432 ) 
4 87 242 (2072 -1024 432 ) (2072 -1024 288 ) (2080 -1024 288 ) (2080 -1024 432 ) 
4 87 113 (2072 -1024 288 ) (2072 -1024 432 ) (2072 -944 432 ) (2072 -944 288 ) 
4 87 110 (2072 -944 432 ) (2072 -696 432 ) (2072 -696 288 ) (2072 -944 288 ) 
4 87 100 (2072 -696 432 ) (2072 -304 432 ) (2072 -304 288 ) (2072 -696 288 ) 
4 88 90 (2208 -1008 -216 ) (2816 -1008 -216 ) (2816 -1008 -210 ) (2208 -1008 -210 ) 
4 88 89 (2208 0 -216 ) (2208 -1008 -216 ) (2208 -1008 -210 ) (2208 0 -210 ) 
4 89 92 (2080 -160 -216 ) (2080 -296 -216 ) (2080 -296 -210 ) (2080 -160 -210 ) 
4 89 91 (2080 0 -216 ) (2080 -160 -216 ) (2080 -160 -212 ) (2080 0 -212 ) 
4 89 90 (2080 -1008 -210 ) (2080 -1008 -216 ) (2208 -1008 -216 ) (2208 -1008 -210 ) 
4 90 236 (2816 -1024 -210 ) (2080 -1024 -210 ) (2080 -1024 -216 ) (2816 -1024 -216 ) 
4 91 94 (2072 0 -212 ) (2072 0 -216 ) (2072 -160 -216 ) (2072 -160 -212 ) 
4 91 92 (2072 -160 -216 ) (2080 -160 -216 ) (2080 -160 -212 ) (2072 -160 -212 ) 
4 92 98 (2072 -296 -210 ) (2072 -288 -210 ) (2072 -288 -216 ) (2072 -296 -216 ) 
4 92 96 (2072 -288 -210 ) (2072 -160 -210 ) (2072 -160 -216 ) (2072 -288 -216 ) 
4 93 120 (2048 0 432 ) (2048 0 -204 ) (2048 -160 -204 ) (2048 -160 432 ) 
4 93 95 (2048 -160 432 ) (2048 -160 -200 ) (2072 -160 -200 ) (2072 -160 432 ) 
4 94 121 (2048 0 -212 ) (2048 0 -216 ) (2048 -160 -216 ) (2048 -160 -212 ) 
4 94 96 (2048 -160 -212 ) (2048 -160 -216 ) (2072 -160 -216 ) (2072 -160 -212 ) 
4 95 122 (2048 -288 -200 ) (2048 -288 432 ) (2048 -160 432 ) (2048 -160 -200 ) 
4 95 97 (2072 -288 -200 ) (2072 -288 432 ) (2048 -288 432 ) (2048 -288 -200 ) 
4 96 123 (2048 -160 -216 ) (2048 -288 -216 ) (2048 -288 -208 ) (2048 -160 -208 ) 
4 96 98 (2048 -288 -216 ) (2072 -288 -216 ) (2072 -288 -210 ) (2048 -288 -210 ) 
4 97 124 (2048 -296 -202 ) (2048 -296 432 ) (2048 -288 432 ) (2048 -288 -202 ) 
4 97 99 (2072 -296 288 ) (2072 -296 432 ) (2048 -296 432 ) (2048 -296 288 ) 
4 98 125 (2048 -288 -216 ) (2048 -296 -216 ) (2048 -296 -210 ) (2048 -288 -210 ) 
4 98 109 (2072 -296 -216 ) (2072 -296 -210 ) (2048 -296 -210 ) (2048 -296 -216 ) 
4 99 126 (2048 -304 432 ) (2048 -296 432 ) (2048 -296 288 ) (2048 -304 288 ) 
4 99 100 (2072 -304 288 ) (2072 -304 432 ) (2048 -304 432 ) (2048 -304 288 ) 
4 100 127 (2048 -696 280 ) (2048 -696 432 ) (2048 -304 432 ) (2048 -304 280 ) 
4 100 110 (2048 -696 432 ) (2048 -696 280 ) (2072 -696 280 ) (2072 -696 432 ) 
4 101 131 (2048 -304 -68 ) (2048 -300 -68 ) (2048 -300 -77 ) (2048 -304 -77 ) 
4 101 105 (2048 -304 -77 ) (2048 -300 -77 ) (2064 -300 -77 ) (2064 -304 -77 ) 
4 101 103 (2048 -304 -77 ) (2062 -304 -77 ) (2062 -304 -68 ) (2048 -304 -68 ) 
4 101 102 (2070 -304 -77 ) (2072 -304 -77 ) (2072 -304 -68 ) (2070 -304 -68 ) 
4 103 135 (2048 -686 -68 ) (2048 -304 -68 ) (2048 -304 -77 ) (2048 -686 -77 ) 
4 103 105 (2048 -686 -77 ) (2048 -304 -77 ) (2062 -304 -77 ) (2062 -686 -77 ) 
4 104 137 (2048 -696 -77 ) (2048 -696 -68 ) (2048 -694 -68 ) (2048 -694 -77 ) 
4 105 138 (2048 -688 -77 ) (2048 -304 -77 ) (2048 -304 -162 ) (2048 -688 -162 ) 
4 105 131 (2048 -304 -77 ) (2048 -300 -77 ) (2048 -300 -162 ) (2048 -304 -162 ) 
4 105 107 (2048 -686 -162 ) (2048 -304 -162 ) (2060 -304 -162 ) (2060 -686 -162 ) 
4 106 108 (2060 -694 -202 ) (2060 -696 -202 ) (2060 -696 -162 ) (2060 -694 -162 ) 
4 107 139 (2048 -686 -162 ) (2048 -304 -162 ) (2048 -304 -202 ) (2048 -686 -202 ) 
4 108 140 (2048 -696 -202 ) (2048 -696 -162 ) (2048 -694 -162 ) (2048 -694 -202 ) 
4 109 143 (2048 -696 -216 ) (2048 -696 -210 ) (2048 -296 -210 ) (2048 -296 -216 ) 
4 110 183 (2048 -944 280 ) (2048 -944 432 ) (2048 -940 432 ) (2048 -940 280 ) 
4 110 144 (2048 -940 432 ) (2048 -696 432 ) (2048 -696 280 ) (2048 -940 280 ) 
4 110 113 (2048 -944 432 ) (2048 -944 280 ) (2072 -944 280 ) (2072 -944 432 ) 
4 111 161 (2048 -704 -91 ) (2048 -704 -208 ) (2048 -940 -208 ) (2048 -940 -91 ) 
4 111 145 (2048 -940 272 ) (2048 -704 272 ) (2048 -704 -91 ) (2048 -940 -91 ) 
4 111 112 (2072 -940 240 ) (2072 -940 272 ) (2048 -940 272 ) (2048 -940 240 ) 
4 112 184 (2048 -944 240 ) (2048 -944 272 ) (2048 -940 272 ) (2048 -940 240 ) 
4 112 114 (2048 -944 272 ) (2048 -944 246 ) (2072 -944 246 ) (2072 -944 272 ) 
4 113 247 (2072 -1024 280 ) (2072 -1024 432 ) (2048 -1024 432 ) (2048 -1024 280 ) 
4 113 188 (2048 -1024 280 ) (2048 -1024 432 ) (2048 -944 432 ) (2048 -944 280 ) 
4 114 248 (2072 -1024 246 ) (2072 -1024 272 ) (2048 -1024 272 ) (2048 -1024 246 ) 
4 114 189 (2048 -1024 246 ) (2048 -1024 272 ) (2048 -944 272 ) (2048 -944 246 ) 
4 115 249 (2064 -1024 238 ) (2048 -1024 238 ) (2048 -1024 112 ) (2064 -1024 112 ) 
4 115 190 (2048 -1024 112 ) (2048 -1024 238 ) (2048 -944 238 ) (2048 -944 112 ) 
4 116 250 (2072 -1024 86 ) (2072 -1024 104 ) (2048 -1024 104 ) (2048 -1024 86 ) 
4 116 191 (2048 -1024 86 ) (2048 -1024 104 ) (2048 -944 104 ) (2048 -944 86 ) 
4 117 251 (2064 -1024 78 ) (2048 -1024 78 ) (2048 -1024 -48 ) (2064 -1024 -48 ) 
4 117 194 (2048 -1024 -48 ) (2048 -1024 78 ) (2048 -944 78 ) (2048 -944 -48 ) 
4 118 252 (2072 -1024 -74 ) (2072 -1024 -56 ) (2048 -1024 -56 ) (2048 -1024 -74 ) 
4 118 195 (2048 -1024 -74 ) (2048 -1024 -56 ) (2048 -944 -56 ) (2048 -944 -74 ) 
4 119 253 (2064 -1024 -82 ) (2048 -1024 -82 ) (2048 -1024 -208 ) (2064 -1024 -208 ) 
4 119 198 (2048 -1024 -208 ) (2048 -1024 -82 ) (2048 -944 -82 ) (2048 -944 -208 ) 
4 120 204 (1328 0 -200 ) (1328 0 -204 ) (1328 -160 -204 ) (1328 -160 -200 ) 
4 120 203 (1328 0 432 ) (1328 0 -200 ) (1328 -160 -200 ) (1328 -160 432 ) 
4 120 122 (1328 -160 432 ) (1328 -160 -200 ) (2048 -160 -200 ) (2048 -160 432 ) 
4 121 205 (1328 0 -212 ) (1328 0 -216 ) (1328 -160 -216 ) (1328 -160 -212 ) 
4 121 123 (1328 -160 -212 ) (1328 -160 -216 ) (2048 -160 -216 ) (2048 -160 -212 ) 
4 122 203 (1328 -160 432 ) (1328 -160 -200 ) (1328 -288 -200 ) (1328 -288 432 ) 
4 122 124 (1328 -288 432 ) (1328 -288 -200 ) (2048 -288 -200 ) (2048 -288 432 ) 
4 123 206 (1328 -160 -208 ) (1328 -160 -216 ) (1328 -288 -216 ) (1328 -288 -208 ) 
4 123 125 (1328 -288 -210 ) (1328 -288 -216 ) (2048 -288 -216 ) (2048 -288 -210 ) 
4 124 207 (1328 -296 -202 ) (1328 -296 -200 ) (1328 -288 -200 ) (1328 -288 -202 ) 
4 124 203 (1328 -296 -200 ) (1328 -296 432 ) (1328 -288 432 ) (1328 -288 -200 ) 
4 124 130 (1656 -296 -202 ) (1752 -296 -202 ) (1752 -296 -94 ) (1656 -296 -94 ) 
4 124 128 (1328 -296 432 ) (1328 -296 288 ) (1336 -296 288 ) (1336 -296 432 ) 
4 124 126 (2048 -296 288 ) (2048 -296 432 ) (1336 -296 432 ) (1336 -296 288 ) 
4 125 208 (1328 -296 -216 ) (1328 -296 -210 ) (1328 -288 -210 ) (1328 -288 -216 ) 
4 125 143 (1328 -296 -210 ) (1328 -296 -216 ) (2048 -296 -216 ) (2048 -296 -210 ) 
4 126 128 (1336 -296 432 ) (1336 -296 288 ) (1336 -304 288 ) (1336 -304 432 ) 
4 126 127 (2048 -304 288 ) (2048 -304 432 ) (1336 -304 432 ) (1336 -304 288 ) 
4 127 144 (2048 -696 280 ) (2048 -696 432 ) (1336 -696 432 ) (1336 -696 280 ) 
4 127 128 (1336 -696 288 ) (1336 -696 432 ) (1336 -304 432 ) (1336 -304 288 ) 
4 128 209 (1328 -304 432 ) (1328 -296 432 ) (1328 -296 288 ) (1328 -304 288 ) 
4 128 210 (1328 -696 288 ) (1328 -696 432 ) (1328 -304 432 ) (1328 -304 288 ) 
4 128 179 (1328 -696 432 ) (1328 -696 288 ) (1336 -696 288 ) (1336 -696 432 ) 
4 129 181 (1328 -696 -24 ) (1328 -696 -68 ) (1336 -696 -68 ) (1336 -696 -24 ) 
4 129 137 (1336 -696 -68 ) (1328 -696 -68 ) (1328 -694 -68 ) (1336 -694 -68 ) 
4 129 136 (1328 -686 -68 ) (1328 -304 -68 ) (1330 -304 -68 ) (1330 -686 -68 ) 
4 130 132 (1656 -300 -202 ) (1752 -300 -202 ) (1752 -300 -94 ) (1656 -300 -94 ) 
4 131 138 (2048 -304 -162 ) (2048 -304 -77 ) (1752 -304 -77 ) (1752 -304 -162 ) 
4 131 135 (2048 -304 -77 ) (2048 -304 -68 ) (1752 -304 -68 ) (1752 -304 -77 ) 
4 131 132 (1752 -300 -68 ) (1752 -300 -162 ) (1752 -304 -162 ) (1752 -304 -68 ) 
4 132 139 (1656 -304 -202 ) (1752 -304 -202 ) (1752 -304 -162 ) (1656 -304 -162 ) 
4 132 138 (1752 -304 -162 ) (1752 -304 -77 ) (1656 -304 -77 ) (1656 -304 -162 ) 
4 132 135 (1752 -304 -77 ) (1752 -304 -68 ) (1656 -304 -68 ) (1656 -304 -77 ) 
4 132 133 (1656 -300 -68 ) (1656 -300 -162 ) (1656 -304 -162 ) (1656 -304 -68 ) 
4 133 138 (1656 -304 -162 ) (1656 -304 -77 ) (1338 -304 -77 ) (1338 -304 -162 ) 
4 133 135 (1656 -304 -77 ) (1656 -304 -68 ) (1338 -304 -68 ) (1338 -304 -77 ) 
4 133 134 (1338 -300 -68 ) (1338 -300 -162 ) (1338 -304 -162 ) (1338 -304 -68 ) 
4 134 138 (1338 -304 -162 ) (1338 -304 -77 ) (1336 -304 -77 ) (1336 -304 -162 ) 
4 135 138 (1338 -304 -77 ) (2048 -304 -77 ) (2048 -686 -77 ) (1338 -686 -77 ) 
4 137 181 (1328 -696 -68 ) (1328 -696 -77 ) (1336 -696 -77 ) (1336 -696 -68 ) 
4 138 139 (1338 -304 -162 ) (2048 -304 -162 ) (2048 -686 -162 ) (1338 -686 -162 ) 
4 140 141 (1338 -696 -162 ) (1338 -694 -162 ) (1338 -694 -202 ) (1338 -696 -202 ) 
4 141 181 (1330 -696 -202 ) (1336 -696 -202 ) (1336 -696 -162 ) (1330 -696 -162 ) 
4 141 142 (1330 -696 -162 ) (1330 -688 -162 ) (1330 -688 -202 ) (1330 -696 -202 ) 
4 142 181 (1328 -696 -162 ) (1328 -696 -202 ) (1330 -696 -202 ) (1330 -696 -162 ) 
4 144 183 (2048 -940 280 ) (2048 -940 432 ) (1336 -940 432 ) (1336 -940 280 ) 
4 144 180 (1336 -888 280 ) (1336 -940 280 ) (1336 -940 288 ) (1336 -888 288 ) 
4 144 179 (1336 -696 432 ) (1336 -696 288 ) (1336 -940 288 ) (1336 -940 432 ) 
4 145 184 (2048 -940 240 ) (2048 -940 272 ) (1840 -940 272 ) (1840 -940 240 ) 
4 145 161 (2048 -940 -91 ) (1840 -940 -91 ) (1840 -704 -91 ) (2048 -704 -91 ) 
4 146 184 (1832 -940 272 ) (1808 -940 272 ) (1808 -940 240 ) (1832 -940 240 ) 
4 146 162 (1832 -940 -91 ) (1808 -940 -91 ) (1808 -704 -91 ) (1832 -704 -91 ) 
4 146 156 (1808 -940 -80 ) (1808 -940 -74 ) (1808 -934 -74 ) (1808 -934 -80 ) 
4 146 155 (1808 -940 -74 ) (1808 -940 272 ) (1808 -934 272 ) (1808 -934 -74 ) 
4 146 151 (1808 -934 -80 ) (1808 -934 -74 ) (1808 -746 -74 ) (1808 -746 -80 ) 
4 146 149 (1808 -746 -80 ) (1808 -746 -74 ) (1808 -736 -74 ) (1808 -736 -80 ) 
4 146 148 (1808 -704 -74 ) (1808 -704 -91 ) (1808 -736 -91 ) (1808 -736 -74 ) 
4 146 147 (1808 -704 272 ) (1808 -704 -74 ) (1808 -934 -74 ) (1808 -934 272 ) 
4 147 159 (1600 -704 272 ) (1600 -704 -74 ) (1600 -934 -74 ) (1600 -934 272 ) 
4 147 155 (1600 -934 272 ) (1600 -934 -74 ) (1808 -934 -74 ) (1808 -934 272 ) 
4 147 154 (1608 -934 -74 ) (1600 -934 -74 ) (1600 -744 -74 ) (1608 -744 -74 ) 
4 147 153 (1600 -744 -74 ) (1600 -736 -74 ) (1610 -736 -74 ) (1610 -744 -74 ) 
4 147 151 (1808 -934 -74 ) (1800 -934 -74 ) (1800 -746 -74 ) (1808 -746 -74 ) 
4 147 150 (1610 -744 -74 ) (1610 -736 -74 ) (1800 -736 -74 ) (1800 -744 -74 ) 
4 147 149 (1800 -736 -74 ) (1808 -736 -74 ) (1808 -746 -74 ) (1800 -746 -74 ) 
4 147 148 (1600 -736 -74 ) (1600 -704 -74 ) (1808 -704 -74 ) (1808 -736 -74 ) 
4 148 163 (1600 -736 -91 ) (1600 -704 -91 ) (1808 -704 -91 ) (1808 -736 -91 ) 
4 148 159 (1600 -704 -74 ) (1600 -704 -91 ) (1600 -736 -91 ) (1600 -736 -74 ) 
4 148 153 (1610 -736 -74 ) (1600 -736 -74 ) (1600 -736 -91 ) (1610 -736 -91 ) 
4 148 150 (1800 -736 -74 ) (1610 -736 -74 ) (1610 -736 -80 ) (1800 -736 -80 ) 
4 148 149 (1808 -736 -80 ) (1808 -736 -74 ) (1800 -736 -74 ) (1800 -736 -80 ) 
4 149 151 (1808 -746 -80 ) (1808 -746 -74 ) (1800 -746 -74 ) (1800 -746 -80 ) 
4 149 150 (1800 -736 -74 ) (1800 -736 -80 ) (1800 -744 -80 ) (1800 -744 -74 ) 
4 150 153 (1610 -736 -74 ) (1610 -736 -80 ) (1610 -744 -80 ) (1610 -744 -74 ) 
4 151 156 (1808 -934 -80 ) (1808 -934 -74 ) (1800 -934 -74 ) (1800 -934 -80 ) 
4 152 164 (1798 -934 -91 ) (1610 -934 -91 ) (1610 -746 -91 ) (1798 -746 -91 ) 
4 153 159 (1600 -736 -91 ) (1600 -744 -91 ) (1600 -744 -74 ) (1600 -736 -74 ) 
4 153 154 (1608 -744 -74 ) (1600 -744 -74 ) (1600 -744 -80 ) (1608 -744 -80 ) 
4 154 159 (1600 -934 -80 ) (1600 -934 -74 ) (1600 -744 -74 ) (1600 -744 -80 ) 
4 154 158 (1600 -934 -74 ) (1600 -934 -80 ) (1608 -934 -80 ) (1608 -934 -74 ) 
4 155 186 (1669 -940 -56 ) (1739 -940 -56 ) (1739 -940 60 ) (1669 -940 60 ) 
4 155 185 (1669 -940 104 ) (1739 -940 104 ) (1739 -940 220 ) (1669 -940 220 ) 
4 155 184 (1808 -940 272 ) (1600 -940 272 ) (1600 -940 240 ) (1808 -940 240 ) 
4 155 159 (1600 -940 -74 ) (1600 -940 272 ) (1600 -934 272 ) (1600 -934 -74 ) 
4 155 157 (1800 -936 -74 ) (1800 -940 -74 ) (1608 -940 -74 ) (1608 -936 -74 ) 
4 155 156 (1800 -934 -74 ) (1808 -934 -74 ) (1808 -940 -74 ) (1800 -940 -74 ) 
4 155 158 (1600 -940 -74 ) (1600 -934 -74 ) (1608 -934 -74 ) (1608 -940 -74 ) 
4 156 157 (1800 -936 -80 ) (1800 -940 -80 ) (1800 -940 -74 ) (1800 -936 -74 ) 
4 157 158 (1608 -936 -80 ) (1608 -940 -80 ) (1608 -940 -74 ) (1608 -936 -74 ) 
4 158 159 (1600 -940 -80 ) (1600 -940 -74 ) (1600 -934 -74 ) (1600 -934 -80 ) 
4 159 184 (1600 -940 272 ) (1576 -940 272 ) (1576 -940 240 ) (1600 -940 240 ) 
4 159 177 (1600 -940 -91 ) (1576 -940 -91 ) (1576 -704 -91 ) (1600 -704 -91 ) 
4 160 184 (1568 -940 272 ) (1336 -940 272 ) (1336 -940 240 ) (1568 -940 240 ) 
4 160 182 (1336 -704 -91 ) (1336 -880 -91 ) (1336 -880 112 ) (1336 -704 112 ) 
4 160 178 (1568 -940 -91 ) (1336 -940 -91 ) (1336 -704 -91 ) (1568 -704 -91 ) 
4 162 172 (1808 -736 -176 ) (1808 -704 -176 ) (1808 -704 -208 ) (1808 -736 -208 ) 
4 162 163 (1808 -736 -91 ) (1808 -704 -91 ) (1808 -704 -176 ) (1808 -736 -176 ) 
4 163 177 (1600 -736 -91 ) (1600 -704 -91 ) (1600 -704 -176 ) (1600 -736 -176 ) 
4 163 172 (1600 -736 -176 ) (1600 -704 -176 ) (1808 -704 -176 ) (1808 -736 -176 ) 
4 164 174 (1739 -935 -176 ) (1669 -935 -176 ) (1669 -934 -176 ) (1739 -934 -176 ) 
4 164 173 (1798 -934 -176 ) (1610 -934 -176 ) (1610 -746 -176 ) (1798 -746 -176 ) 
4 164 171 (1608 -935 -176 ) (1669 -935 -176 ) (1669 -935 -91 ) (1608 -935 -91 ) 
4 164 170 (1672 -935 -176 ) (1736 -935 -176 ) (1736 -935 -102 ) (1672 -935 -102 ) 
4 164 167 (1713.750000 -935 -91 ) (1693.750000 -935 -91 ) (1693.750000 -935 -92.452011 ) (1713.750000 -935 -92.452011 ) 
4 164 168 (1693.750000 -935 -97.452011 ) (1693.750000 -935 -99 ) (1713.750000 -935 -99 ) (1713.750000 -935 -97.452011 ) 
4 164 166 (1739 -935 -99 ) (1739 -935 -91 ) (1713.750000 -935 -91 ) (1713.750000 -935 -99 ) 
4 164 169 (1693.750000 -935 -91 ) (1669 -935 -91 ) (1669 -935 -99 ) (1693.750000 -935 -99 ) 
4 164 165 (1739 -935 -176 ) (1800 -935 -176 ) (1800 -935 -91 ) (1739 -935 -91 ) 
4 165 166 (1739 -935 -91 ) (1739 -935 -99 ) (1739 -936 -99 ) (1739 -936 -91 ) 
4 166 167 (1713.750000 -935 -91 ) (1713.750000 -935 -92.452011 ) (1713.750000 -936 -92.452011 ) (1713.750000 -936 -91 ) 
4 166 168 (1713.750000 -935 -97.452011 ) (1713.750000 -935 -99 ) (1713.750000 -936 -99 ) (1713.750000 -936 -97.452011 ) 
4 167 169 (1693.750000 -935 -91 ) (1693.750000 -935 -92.452011 ) (1693.750000 -936 -92.452011 ) (1693.750000 -936 -91 ) 
4 168 169 (1693.750000 -935 -97.452011 ) (1693.750000 -935 -99 ) (1693.750000 -936 -99 ) (1693.750000 -936 -97.452011 ) 
4 169 171 (1669 -935 -91 ) (1669 -935 -99 ) (1669 -936 -99 ) (1669 -936 -91 ) 
4 170 187 (1672 -940 -176 ) (1736 -940 -176 ) (1736 -940 -102 ) (1672 -940 -102 ) 
4 170 175 (1672 -935 -176 ) (1736 -935 -176 ) (1736 -940 -176 ) (1672 -940 -176 ) 
4 172 177 (1600 -736 -176 ) (1600 -704 -176 ) (1600 -704 -208 ) (1600 -736 -208 ) 
4 172 176 (1600 -736 -210 ) (1600 -704 -210 ) (1808 -704 -210 ) (1808 -736 -210 ) 
4 173 174 (1669 -934 -210 ) (1739 -934 -210 ) (1739 -934 -176 ) (1669 -934 -176 ) 
4 174 175 (1672 -935 -210 ) (1736 -935 -210 ) (1736 -935 -176 ) (1672 -935 -176 ) 
4 175 187 (1736 -940 -176 ) (1672 -940 -176 ) (1672 -940 -210 ) (1736 -940 -210 ) 
4 178 182 (1336 -704 -208 ) (1336 -880 -208 ) (1336 -880 -91 ) (1336 -704 -91 ) 
4 179 211 (1328 -940 288 ) (1328 -940 432 ) (1328 -880 432 ) (1328 -880 288 ) 
4 179 210 (1328 -880 432 ) (1328 -696 432 ) (1328 -696 288 ) (1328 -880 288 ) 
4 179 183 (1328 -940 432 ) (1328 -940 288 ) (1336 -940 288 ) (1336 -940 432 ) 
4 179 180 (1336 -888 288 ) (1336 -940 288 ) (1328 -940 288 ) (1328 -888 288 ) 
4 180 212 (1328 -940 280 ) (1328 -940 288 ) (1328 -888 288 ) (1328 -888 280 ) 
4 180 183 (1328 -940 288 ) (1328 -940 280 ) (1336 -940 280 ) (1336 -940 288 ) 
4 181 182 (1328 -704 -208 ) (1336 -704 -208 ) (1336 -704 -24 ) (1328 -704 -24 ) 
4 183 212 (1328 -944 280 ) (1328 -944 288 ) (1328 -940 288 ) (1328 -940 280 ) 
4 183 211 (1328 -944 288 ) (1328 -944 432 ) (1328 -940 432 ) (1328 -940 288 ) 
4 183 199 (1328 -944 432 ) (1328 -944 280 ) (1336 -944 280 ) (1336 -944 432 ) 
4 183 188 (1336 -944 280 ) (2048 -944 280 ) (2048 -944 432 ) (1336 -944 432 ) 
4 184 189 (2048 -944 246 ) (2048 -944 272 ) (1336 -944 272 ) (1336 -944 246 ) 
4 185 190 (1739 -944 112 ) (1739 -944 220 ) (1669 -944 220 ) (1669 -944 112 ) 
4 186 194 (1739 -944 -48 ) (1739 -944 60 ) (1669 -944 60 ) (1669 -944 -48 ) 
4 187 198 (1669 -944 -99 ) (1669 -944 -208 ) (1739 -944 -208 ) (1739 -944 -99 ) 
4 188 265 (2048 -1024 280 ) (2048 -1024 432 ) (1336 -1024 432 ) (1336 -1024 280 ) 
4 188 199 (1336 -944 432 ) (1336 -944 280 ) (1336 -1024 280 ) (1336 -1024 432 ) 
4 189 266 (2048 -1024 246 ) (2048 -1024 272 ) (1336 -1024 272 ) (1336 -1024 246 ) 
4 190 267 (2048 -1024 112 ) (2048 -1024 238 ) (1336 -1024 238 ) (1336 -1024 112 ) 
4 190 200 (1336 -989 112 ) (1336 -1024 112 ) (1336 -1024 224 ) (1336 -989 224 ) 
4 191 268 (2048 -1024 86 ) (2048 -1024 104 ) (1840 -1024 104 ) (1840 -1024 86 ) 
4 191 192 (1840 -952 86 ) (1840 -1024 86 ) (1840 -1024 104 ) (1840 -952 104 ) 
4 192 268 (1840 -1024 104 ) (1568 -1024 104 ) (1568 -1024 86 ) (1840 -1024 86 ) 
4 192 193 (1568 -952 86 ) (1568 -1024 86 ) (1568 -1024 104 ) (1568 -952 104 ) 
4 193 268 (1568 -1024 104 ) (1336 -1024 104 ) (1336 -1024 86 ) (1568 -1024 86 ) 
4 194 269 (2048 -1024 -48 ) (2048 -1024 78 ) (1336 -1024 78 ) (1336 -1024 -48 ) 
4 194 201 (1336 -989 -48 ) (1336 -1024 -48 ) (1336 -1024 64 ) (1336 -989 64 ) 
4 195 270 (2048 -1024 -74 ) (2048 -1024 -56 ) (1840 -1024 -56 ) (1840 -1024 -74 ) 
4 195 196 (1840 -948 -74 ) (1840 -1024 -74 ) (1840 -1024 -56 ) (1840 -948 -56 ) 
4 196 270 (1840 -1024 -56 ) (1568 -1024 -56 ) (1568 -1024 -74 ) (1840 -1024 -74 ) 
4 196 197 (1568 -948 -74 ) (1568 -1024 -74 ) (1568 -1024 -56 ) (1568 -948 -56 ) 
4 197 270 (1568 -1024 -56 ) (1336 -1024 -56 ) (1336 -1024 -74 ) (1568 -1024 -74 ) 
4 198 271 (2048 -1024 -208 ) (2048 -1024 -82 ) (1336 -1024 -82 ) (1336 -1024 -208 ) 
4 198 202 (1336 -989 -208 ) (1336 -1024 -208 ) (1336 -1024 -96 ) (1336 -989 -96 ) 
4 199 280 (1336 -1024 280 ) (1336 -1024 432 ) (1328 -1024 432 ) (1328 -1024 280 ) 
4 199 212 (1328 -1024 280 ) (1328 -1024 288 ) (1328 -944 288 ) (1328 -944 280 ) 
4 199 211 (1328 -1024 288 ) (1328 -1024 432 ) (1328 -944 432 ) (1328 -944 288 ) 
4 200 282 (1336 -1024 112 ) (1336 -1024 224 ) (1328 -1024 224 ) (1328 -1024 112 ) 
4 200 213 (1328 -1024 112 ) (1328 -1024 224 ) (1328 -989 224 ) (1328 -989 112 ) 
4 201 283 (1336 -1024 -48 ) (1336 -1024 64 ) (1328 -1024 64 ) (1328 -1024 -48 ) 
4 201 219 (1328 -1024 -48 ) (1328 -1024 64 ) (1328 -989 64 ) (1328 -989 -48 ) 
4 202 284 (1336 -1024 -208 ) (1336 -1024 -96 ) (1328 -1024 -96 ) (1328 -1024 -208 ) 
4 202 225 (1328 -1024 -208 ) (1328 -1024 -96 ) (1328 -989 -96 ) (1328 -989 -208 ) 
4 203 468 (1024 -296 -200 ) (1024 -296 -72 ) (1024 -288 -72 ) (1024 -288 -200 ) 
4 203 466 (1024 -288 -72 ) (1024 -160 -72 ) (1024 -160 -200 ) (1024 -288 -200 ) 
4 203 464 (1024 -160 -72 ) (1024 0 -72 ) (1024 0 -200 ) (1024 -160 -200 ) 
4 203 450 (1024 -296 -72 ) (1024 -296 112 ) (1024 0 112 ) (1024 0 -72 ) 
4 203 448 (1024 -296 112 ) (1024 -296 432 ) (1024 0 432 ) (1024 0 112 ) 
4 203 209 (1328 -296 120 ) (1328 -296 432 ) (1024 -296 432 ) (1024 -296 120 ) 
4 203 207 (1328 -296 -200 ) (1024 -296 -200 ) (1024 -288 -200 ) (1328 -288 -200 ) 
4 203 204 (1024 -160 -200 ) (1024 0 -200 ) (1328 0 -200 ) (1328 -160 -200 ) 
4 204 464 (1024 -160 -204 ) (1024 -160 -200 ) (1024 0 -200 ) (1024 0 -204 ) 
4 205 465 (1024 -160 -216 ) (1024 -160 -212 ) (1024 0 -212 ) (1024 0 -216 ) 
4 205 206 (1328 -160 -216 ) (1328 -160 -212 ) (1024 -160 -212 ) (1024 -160 -216 ) 
4 206 467 (1024 -288 -216 ) (1024 -288 -208 ) (1024 -160 -208 ) (1024 -160 -216 ) 
4 206 208 (1328 -288 -216 ) (1328 -288 -210 ) (1024 -288 -210 ) (1024 -288 -216 ) 
4 207 468 (1024 -296 -202 ) (1024 -296 -200 ) (1024 -288 -200 ) (1024 -288 -202 ) 
4 208 469 (1024 -296 -216 ) (1024 -296 -210 ) (1024 -288 -210 ) (1024 -288 -216 ) 
4 209 449 (1024 -304 432 ) (1024 -296 432 ) (1024 -296 120 ) (1024 -304 120 ) 
4 209 210 (1328 -304 120 ) (1328 -304 432 ) (1024 -304 432 ) (1024 -304 120 ) 
4 210 449 (1024 -880 120 ) (1024 -880 432 ) (1024 -304 432 ) (1024 -304 120 ) 
4 210 211 (1024 -880 432 ) (1024 -880 288 ) (1328 -880 288 ) (1328 -880 432 ) 
4 211 451 (1024 -1024 288 ) (1024 -1024 432 ) (1024 -880 432 ) (1024 -880 288 ) 
4 211 285 (1328 -1024 288 ) (1328 -1024 432 ) (1024 -1024 432 ) (1024 -1024 288 ) 
4 211 212 (1024 -1024 288 ) (1024 -888 288 ) (1328 -888 288 ) (1328 -1024 288 ) 
4 212 286 (1328 -1024 280 ) (1328 -1024 288 ) (1024 -1024 288 ) (1024 -1024 280 ) 
4 213 292 (1328 -1024 112 ) (1328 -1024 139.250000 ) (1026 -1024 139.250000 ) (1026 -1024 112 ) 
4 213 287 (1328 -1024 139.250000 ) (1328 -1024 272 ) (1026 -1024 272 ) (1026 -1024 139.250000 ) 
4 213 216 (1026 -983.750000 139.250000 ) (1026 -983.750000 211.250000 ) (1026 -939.750000 211.250000 ) (1026 -939.750000 139.250000 ) 
4 213 215 (1026 -983.750000 211.250000 ) (1026 -983.750000 272 ) (1026 -939.750000 272 ) (1026 -939.750000 211.250000 ) 
4 213 217 (1026 -939.750000 112 ) (1026 -983.750000 112 ) (1026 -983.750000 139.250000 ) (1026 -939.750000 139.250000 ) 
4 213 214 (1026 -888 272 ) (1026 -888 112 ) (1026 -939.750000 112 ) (1026 -939.750000 272 ) 
4 213 218 (1026 -983.750000 112 ) (1026 -1024 112 ) (1026 -1024 272 ) (1026 -983.750000 272 ) 
4 214 216 (1026 -939.750000 139.250000 ) (1026 -939.750000 211.250000 ) (1024 -939.750000 211.250000 ) (1024 -939.750000 139.250000 ) 
4 214 215 (1026 -939.750000 211.250000 ) (1026 -939.750000 272 ) (1024 -939.750000 272 ) (1024 -939.750000 211.250000 ) 
4 214 217 (1024 -939.750000 112 ) (1026 -939.750000 112 ) (1026 -939.750000 139.250000 ) (1024 -939.750000 139.250000 ) 
4 215 452 (1024 -940 211.250000 ) (1024 -982 211.250000 ) (1024 -982 214 ) (1024 -940 214 ) 
4 215 218 (1026 -983.750000 211.250000 ) (1026 -983.750000 272 ) (1024 -983.750000 272 ) (1024 -983.750000 211.250000 ) 
4 215 216 (1026 -983.750000 211.250000 ) (1024 -983.750000 211.250000 ) (1024 -939.750000 211.250000 ) (1026 -939.750000 211.250000 ) 
4 216 452 (1024 -940 140 ) (1024 -982 140 ) (1024 -982 211.250000 ) (1024 -940 211.250000 ) 
4 216 217 (1026 -983.750000 139.250000 ) (1024 -983.750000 139.250000 ) (1024 -939.750000 139.250000 ) (1026 -939.750000 139.250000 ) 
4 216 218 (1026 -983.750000 139.250000 ) (1026 -983.750000 211.250000 ) (1024 -983.750000 211.250000 ) (1024 -983.750000 139.250000 ) 
4 217 218 (1024 -983.750000 112 ) (1026 -983.750000 112 ) (1026 -983.750000 139.250000 ) (1024 -983.750000 139.250000 ) 
4 218 292 (1024 -1024 139.250000 ) (1024 -1024 112 ) (1026 -1024 112 ) (1026 -1024 139.250000 ) 
4 218 288 (1026 -1024 272 ) (1024 -1024 272 ) (1024 -1024 139.250000 ) (1026 -1024 139.250000 ) 
4 219 293 (1328 -1024 -48 ) (1328 -1024 104 ) (1026 -1024 104 ) (1026 -1024 -48 ) 
4 219 222 (1026 -983.750000 -13.750000 ) (1026 -983.750000 58.250000 ) (1026 -939.750000 58.250000 ) (1026 -939.750000 -13.750000 ) 
4 219 221 (1026 -983.750000 58.250000 ) (1026 -983.750000 104 ) (1026 -939.750000 104 ) (1026 -939.750000 58.250000 ) 
4 219 223 (1026 -939.750000 -48 ) (1026 -983.750000 -48 ) (1026 -983.750000 -13.750000 ) (1026 -939.750000 -13.750000 ) 
4 219 220 (1026 -888 104 ) (1026 -888 -48 ) (1026 -939.750000 -48 ) (1026 -939.750000 104 ) 
4 219 224 (1026 -983.750000 -48 ) (1026 -1024 -48 ) (1026 -1024 104 ) (1026 -983.750000 104 ) 
4 220 222 (1026 -939.750000 -13.750000 ) (1026 -939.750000 58.250000 ) (1024 -939.750000 58.250000 ) (1024 -939.750000 -13.750000 ) 
4 220 221 (1026 -939.750000 58.250000 ) (1026 -939.750000 104 ) (1024 -939.750000 104 ) (1024 -939.750000 58.250000 ) 
4 220 223 (1024 -939.750000 -48 ) (1026 -939.750000 -48 ) (1026 -939.750000 -13.750000 ) (1024 -939.750000 -13.750000 ) 
4 221 453 (1024 -941 58.250000 ) (1024 -983 58.250000 ) (1024 -983 60 ) (1024 -941 60 ) 
4 221 224 (1026 -983.750000 58.250000 ) (1026 -983.750000 104 ) (1024 -983.750000 104 ) (1024 -983.750000 58.250000 ) 
4 221 222 (1026 -983.750000 58.250000 ) (1024 -983.750000 58.250000 ) (1024 -939.750000 58.250000 ) (1026 -939.750000 58.250000 ) 
4 222 453 (1024 -941 -12 ) (1024 -983 -12 ) (1024 -983 58.250000 ) (1024 -941 58.250000 ) 
4 222 223 (1026 -983.750000 -13.750000 ) (1024 -983.750000 -13.750000 ) (1024 -939.750000 -13.750000 ) (1026 -939.750000 -13.750000 ) 
4 222 224 (1026 -983.750000 -13.750000 ) (1026 -983.750000 58.250000 ) (1024 -983.750000 58.250000 ) (1024 -983.750000 -13.750000 ) 
4 223 224 (1024 -983.750000 -48 ) (1026 -983.750000 -48 ) (1026 -983.750000 -13.750000 ) (1024 -983.750000 -13.750000 ) 
4 224 294 (1026 -1024 104 ) (1024 -1024 104 ) (1024 -1024 -48 ) (1026 -1024 -48 ) 
4 225 304 (1328 -1024 -208 ) (1328 -1024 -172.750000 ) (1026 -1024 -172.750000 ) (1026 -1024 -208 ) 
4 225 299 (1328 -1024 -172.750000 ) (1328 -1024 -56 ) (1026 -1024 -56 ) (1026 -1024 -172.750000 ) 
4 225 228 (1026 -983.750000 -172.750000 ) (1026 -983.750000 -100.750000 ) (1026 -939.750000 -100.750000 ) (1026 -939.750000 -172.750000 ) 
4 225 227 (1026 -983.750000 -100.750000 ) (1026 -983.750000 -56 ) (1026 -939.750000 -56 ) (1026 -939.750000 -100.750000 ) 
4 225 229 (1026 -939.750000 -208 ) (1026 -983.750000 -208 ) (1026 -983.750000 -172.750000 ) (1026 -939.750000 -172.750000 ) 
4 225 226 (1026 -888 -56 ) (1026 -888 -208 ) (1026 -939.750000 -208 ) (1026 -939.750000 -56 ) 
4 225 230 (1026 -983.750000 -208 ) (1026 -1024 -208 ) (1026 -1024 -56 ) (1026 -983.750000 -56 ) 
4 226 228 (1026 -939.750000 -172.750000 ) (1026 -939.750000 -100.750000 ) (1024 -939.750000 -100.750000 ) (1024 -939.750000 -172.750000 ) 
4 226 227 (1026 -939.750000 -100.750000 ) (1026 -939.750000 -56 ) (1024 -939.750000 -56 ) (1024 -939.750000 -100.750000 ) 
4 226 229 (1024 -939.750000 -208 ) (1026 -939.750000 -208 ) (1026 -939.750000 -172.750000 ) (1024 -939.750000 -172.750000 ) 
4 227 473 (1024 -941 -100.750000 ) (1024 -983 -100.750000 ) (1024 -983 -98 ) (1024 -941 -98 ) 
4 227 230 (1026 -983.750000 -100.750000 ) (1026 -983.750000 -56 ) (1024 -983.750000 -56 ) (1024 -983.750000 -100.750000 ) 
4 227 228 (1026 -983.750000 -100.750000 ) (1024 -983.750000 -100.750000 ) (1024 -939.750000 -100.750000 ) (1026 -939.750000 -100.750000 ) 
4 228 473 (1024 -941 -172 ) (1024 -983 -172 ) (1024 -983 -100.750000 ) (1024 -941 -100.750000 ) 
4 228 229 (1026 -983.750000 -172.750000 ) (1024 -983.750000 -172.750000 ) (1024 -939.750000 -172.750000 ) (1026 -939.750000 -172.750000 ) 
4 228 230 (1026 -983.750000 -172.750000 ) (1026 -983.750000 -100.750000 ) (1024 -983.750000 -100.750000 ) (1024 -983.750000 -172.750000 ) 
4 229 230 (1024 -983.750000 -208 ) (1026 -983.750000 -208 ) (1026 -983.750000 -172.750000 ) (1024 -983.750000 -172.750000 ) 
4 230 304 (1024 -1024 -172.750000 ) (1024 -1024 -208 ) (1026 -1024 -208 ) (1026 -1024 -172.750000 ) 
4 230 300 (1026 -1024 -56 ) (1024 -1024 -56 ) (1024 -1024 -172.750000 ) (1026 -1024 -172.750000 ) 
4 231 381 (3072 -2048 -200 ) (3072 -2048 432 ) (2080 -2048 432 ) (2080 -2048 -200 ) 
4 231 244 (2080 -1816 432 ) (2080 -1688 432 ) (2080 -1688 -200 ) (2080 -1816 -200 ) 
4 231 243 (2080 -1688 432 ) (2080 -1168 432 ) (2080 -1168 -200 ) (2080 -1688 -200 ) 
4 231 245 (2080 -2048 -200 ) (2080 -2048 432 ) (2080 -1816 432 ) (2080 -1816 -200 ) 
4 231 242 (2080 -1168 432 ) (2080 -1024 432 ) (2080 -1024 288 ) (2080 -1168 288 ) 
4 231 235 (2080 -2048 -200 ) (2080 -1688 -200 ) (2208 -1688 -200 ) (2208 -2048 -200 ) 
4 231 233 (3072 -1136 -200 ) (3072 -1424 -200 ) (2208 -1424 -200 ) (2208 -1136 -200 ) 
4 231 234 (3072 -1552 -200 ) (3072 -2048 -200 ) (2208 -2048 -200 ) (2208 -1552 -200 ) 
4 231 232 (2824 -1024 -200 ) (3072 -1024 -200 ) (3072 -1136 -200 ) (2824 -1136 -200 ) 
4 232 233 (2880 -1136 -208 ) (3072 -1136 -208 ) (3072 -1136 -200 ) (2824 -1136 -200 ) 
4 234 382 (3072 -2048 -208 ) (3072 -2048 -200 ) (2208 -2048 -200 ) (2208 -2048 -208 ) 
4 234 238 (3072 -2048 -208 ) (2208 -2048 -208 ) (2208 -1560 -208 ) (3072 -1560 -208 ) 
4 234 237 (2208 -1560 -208 ) (2208 -1552 -208 ) (3072 -1552 -208 ) (3072 -1560 -208 ) 
4 234 235 (2208 -1688 -208 ) (2208 -2048 -208 ) (2208 -2048 -200 ) (2208 -1688 -200 ) 
4 235 382 (2208 -2048 -200 ) (2080 -2048 -200 ) (2080 -2048 -208 ) (2208 -2048 -208 ) 
4 235 245 (2080 -2048 -208 ) (2080 -2048 -200 ) (2080 -1816 -200 ) (2080 -1816 -208 ) 
4 235 241 (2208 -2048 -208 ) (2080 -2048 -208 ) (2080 -1688 -208 ) (2208 -1688 -208 ) 
4 236 239 (2152 -1136 -208 ) (2080 -1136 -208 ) (2080 -1136 -216 ) (2152 -1136 -216 ) 
4 237 240 (2208 -1424 -216 ) (2208 -1560 -216 ) (2208 -1560 -208 ) (2208 -1424 -208 ) 
4 237 238 (2208 -1560 -208 ) (2208 -1560 -210 ) (3072 -1560 -210 ) (3072 -1560 -208 ) 
4 238 384 (3072 -2048 -210 ) (3072 -2048 -208 ) (2208 -2048 -208 ) (2208 -2048 -210 ) 
4 238 241 (2208 -2048 -210 ) (2208 -2048 -208 ) (2208 -1680 -208 ) (2208 -1680 -210 ) 
4 238 240 (2208 -1680 -208 ) (2208 -1560 -208 ) (2208 -1560 -210 ) (2208 -1680 -210 ) 
4 239 240 (2152 -1196 -208 ) (2080 -1196 -208 ) (2080 -1196 -216 ) (2152 -1196 -216 ) 
4 240 241 (2208 -1680 -210 ) (2208 -1680 -208 ) (2080 -1680 -208 ) (2080 -1680 -210 ) 
4 241 386 (2208 -2048 -208 ) (2080 -2048 -208 ) (2080 -2048 -210 ) (2208 -2048 -210 ) 
4 241 246 (2080 -2048 -210 ) (2080 -2048 -208 ) (2080 -1688 -208 ) (2080 -1688 -210 ) 
4 242 260 (2072 -1160 288 ) (2072 -1168 288 ) (2072 -1168 432 ) (2072 -1160 432 ) 
4 242 254 (2072 -1096 288 ) (2072 -1160 288 ) (2072 -1160 432 ) (2072 -1096 432 ) 
4 242 247 (2072 -1024 432 ) (2072 -1024 288 ) (2072 -1096 288 ) (2072 -1096 432 ) 
4 242 243 (2072 -1168 432 ) (2072 -1168 288 ) (2080 -1168 288 ) (2080 -1168 432 ) 
4 243 262 (2072 -1168 -200 ) (2072 -1168 -208 ) (2072 -1688 -208 ) (2072 -1688 -200 ) 
4 243 261 (2072 -1688 432 ) (2072 -1168 432 ) (2072 -1168 -200 ) (2072 -1688 -200 ) 
4 243 244 (2080 -1688 -200 ) (2080 -1688 432 ) (2072 -1688 432 ) (2072 -1688 -200 ) 
4 244 261 (2072 -1816 432 ) (2072 -1688 432 ) (2072 -1688 -200 ) (2072 -1816 -200 ) 
4 244 245 (2080 -1816 -200 ) (2080 -1816 432 ) (2072 -1816 432 ) (2072 -1816 -200 ) 
4 245 382 (2072 -2048 -200 ) (2072 -2048 -208 ) (2080 -2048 -208 ) (2080 -2048 -200 ) 
4 245 381 (2072 -2048 432 ) (2072 -2048 -200 ) (2080 -2048 -200 ) (2080 -2048 432 ) 
4 245 263 (2072 -2048 -208 ) (2072 -2048 -200 ) (2072 -1816 -200 ) (2072 -1816 -208 ) 
4 245 261 (2072 -2048 -200 ) (2072 -2048 432 ) (2072 -1816 432 ) (2072 -1816 -200 ) 
4 245 246 (2072 -2048 -208 ) (2072 -1816 -208 ) (2080 -1816 -208 ) (2080 -2048 -208 ) 
4 246 386 (2072 -2048 -208 ) (2072 -2048 -210 ) (2080 -2048 -210 ) (2080 -2048 -208 ) 
4 246 264 (2072 -2048 -210 ) (2072 -2048 -208 ) (2072 -1688 -208 ) (2072 -1688 -210 ) 
4 247 265 (2048 -1024 432 ) (2048 -1024 280 ) (2048 -1096 280 ) (2048 -1096 432 ) 
4 247 254 (2048 -1096 432 ) (2048 -1096 280 ) (2072 -1096 280 ) (2072 -1096 432 ) 
4 248 266 (2048 -1024 272 ) (2048 -1024 246 ) (2048 -1096 246 ) (2048 -1096 272 ) 
4 248 255 (2048 -1096 272 ) (2048 -1096 246 ) (2072 -1096 246 ) (2072 -1096 272 ) 
4 249 267 (2048 -1024 238 ) (2048 -1024 112 ) (2048 -1096 112 ) (2048 -1096 238 ) 
4 250 268 (2048 -1024 104 ) (2048 -1024 86 ) (2048 -1096 86 ) (2048 -1096 104 ) 
4 250 256 (2048 -1096 104 ) (2048 -1096 86 ) (2072 -1096 86 ) (2072 -1096 104 ) 
4 251 269 (2048 -1024 78 ) (2048 -1024 -48 ) (2048 -1096 -48 ) (2048 -1096 78 ) 
4 252 270 (2048 -1024 -56 ) (2048 -1024 -74 ) (2048 -1096 -74 ) (2048 -1096 -56 ) 
4 252 258 (2048 -1096 -56 ) (2048 -1096 -74 ) (2072 -1096 -74 ) (2072 -1096 -56 ) 
4 253 271 (2048 -1024 -82 ) (2048 -1024 -208 ) (2048 -1096 -208 ) (2048 -1096 -82 ) 
4 254 272 (2048 -1096 432 ) (2048 -1096 280 ) (2048 -1160 280 ) (2048 -1160 432 ) 
4 254 260 (2048 -1160 432 ) (2048 -1160 288 ) (2072 -1160 288 ) (2072 -1160 432 ) 
4 255 273 (2048 -1096 272 ) (2048 -1096 240 ) (2048 -1160 240 ) (2048 -1160 272 ) 
4 255 257 (2072 -1160 240 ) (2048 -1160 240 ) (2048 -1104 240 ) (2072 -1104 240 ) 
4 256 274 (2048 -1096 104 ) (2048 -1096 80 ) (2048 -1104 80 ) (2048 -1104 104 ) 
4 256 257 (2048 -1104 80 ) (2072 -1104 80 ) (2072 -1104 104 ) (2048 -1104 104 ) 
4 257 275 (2048 -1104 80 ) (2048 -1160 80 ) (2048 -1160 240 ) (2048 -1104 240 ) 
4 257 259 (2072 -1160 80 ) (2048 -1160 80 ) (2048 -1104 80 ) (2072 -1104 80 ) 
4 258 276 (2048 -1096 -56 ) (2048 -1096 -80 ) (2048 -1104 -80 ) (2048 -1104 -56 ) 
4 258 259 (2072 -1104 -80 ) (2072 -1104 -56 ) (2048 -1104 -56 ) (2048 -1104 -80 ) 
4 259 277 (2048 -1104 -208 ) (2048 -1160 -208 ) (2048 -1160 80 ) (2048 -1104 80 ) 
4 260 278 (2048 -1160 432 ) (2048 -1160 288 ) (2048 -1168 288 ) (2048 -1168 432 ) 
4 260 261 (2072 -1168 288 ) (2072 -1168 432 ) (2048 -1168 432 ) (2048 -1168 288 ) 
4 261 381 (2072 -2048 -200 ) (2072 -2048 432 ) (2048 -2048 432 ) (2048 -2048 -200 ) 
4 261 354 (2048 -1816 432 ) (2048 -1688 432 ) (2048 -1688 -200 ) (2048 -1816 -200 ) 
4 261 356 (2048 -2048 -200 ) (2048 -2048 432 ) (2048 -1816 432 ) (2048 -1816 -200 ) 
4 261 339 (2048 -1360 -104 ) (2048 -1360 -200 ) (2048 -1688 -200 ) (2048 -1688 -104 ) 
4 261 335 (2048 -1680 -104 ) (2048 -1688 -104 ) (2048 -1688 -80 ) (2048 -1680 -80 ) 
4 261 328 (2048 -1368 -104 ) (2048 -1680 -104 ) (2048 -1680 -80 ) (2048 -1368 -80 ) 
4 261 327 (2048 -1360 -80 ) (2048 -1360 -104 ) (2048 -1368 -104 ) (2048 -1368 -80 ) 
4 261 324 (2048 -1360 -72 ) (2048 -1360 -80 ) (2048 -1688 -80 ) (2048 -1688 -72 ) 
4 261 323 (2048 -1672 -72 ) (2048 -1688 -72 ) (2048 -1688 -64 ) (2048 -1672 -64 ) 
4 261 320 (2048 -1368 -72 ) (2048 -1672 -72 ) (2048 -1672 -64 ) (2048 -1368 -64 ) 
4 261 318 (2048 -1360 -64 ) (2048 -1360 -72 ) (2048 -1368 -72 ) (2048 -1368 -64 ) 
4 261 316 (2048 -1360 144 ) (2048 -1360 -64 ) (2048 -1688 -64 ) (2048 -1688 144 ) 
4 261 314 (2048 -1680 144 ) (2048 -1688 144 ) (2048 -1688 152 ) (2048 -1680 152 ) 
4 261 311 (2048 -1368 144 ) (2048 -1680 144 ) (2048 -1680 152 ) (2048 -1368 152 ) 
4 261 309 (2048 -1360 152 ) (2048 -1360 144 ) (2048 -1368 144 ) (2048 -1368 152 ) 
4 261 308 (2048 -1688 432 ) (2048 -1360 432 ) (2048 -1360 152 ) (2048 -1688 152 ) 
4 261 279 (2048 -1360 432 ) (2048 -1168 432 ) (2048 -1168 -200 ) (2048 -1360 -200 ) 
4 261 262 (2048 -1168 -200 ) (2072 -1168 -200 ) (2072 -1688 -200 ) (2048 -1688 -200 ) 
4 261 263 (2072 -1816 -200 ) (2072 -2048 -200 ) (2048 -2048 -200 ) (2048 -1816 -200 ) 
4 262 339 (2048 -1688 -200 ) (2048 -1360 -200 ) (2048 -1360 -208 ) (2048 -1688 -208 ) 
4 262 279 (2048 -1360 -200 ) (2048 -1168 -200 ) (2048 -1168 -208 ) (2048 -1360 -208 ) 
4 263 382 (2072 -2048 -208 ) (2072 -2048 -200 ) (2048 -2048 -200 ) (2048 -2048 -208 ) 
4 263 356 (2048 -2048 -208 ) (2048 -2048 -200 ) (2048 -1816 -200 ) (2048 -1816 -208 ) 
4 263 264 (2048 -2048 -208 ) (2048 -1816 -208 ) (2072 -1816 -208 ) (2072 -2048 -208 ) 
4 264 386 (2072 -2048 -210 ) (2072 -2048 -208 ) (2048 -2048 -208 ) (2048 -2048 -210 ) 
4 264 355 (2048 -1816 -208 ) (2048 -1688 -208 ) (2048 -1688 -210 ) (2048 -1816 -210 ) 
4 264 356 (2048 -2048 -210 ) (2048 -2048 -208 ) (2048 -1816 -208 ) (2048 -1816 -210 ) 
4 265 280 (1336 -1096 280 ) (1336 -1096 432 ) (1336 -1024 432 ) (1336 -1024 280 ) 
4 265 272 (1336 -1096 432 ) (1336 -1096 280 ) (2048 -1096 280 ) (2048 -1096 432 ) 
4 266 273 (1336 -1096 272 ) (1336 -1096 246 ) (2048 -1096 246 ) (2048 -1096 272 ) 
4 267 282 (1336 -1024 224 ) (1336 -1024 112 ) (1336 -1045 112 ) (1336 -1045 224 ) 
4 268 274 (1336 -1096 104 ) (1336 -1096 86 ) (2048 -1096 86 ) (2048 -1096 104 ) 
4 269 283 (1336 -1024 64 ) (1336 -1024 -48 ) (1336 -1045 -48 ) (1336 -1045 64 ) 
4 270 276 (1336 -1096 -56 ) (1336 -1096 -74 ) (2048 -1096 -74 ) (2048 -1096 -56 ) 
4 271 284 (1336 -1024 -96 ) (1336 -1024 -208 ) (1336 -1045 -208 ) (1336 -1045 -96 ) 
4 272 280 (1336 -1160 280 ) (1336 -1160 432 ) (1336 -1096 432 ) (1336 -1096 280 ) 
4 272 278 (1336 -1160 432 ) (1336 -1160 288 ) (2048 -1160 288 ) (2048 -1160 432 ) 
4 273 275 (2048 -1160 240 ) (1336 -1160 240 ) (1336 -1104 240 ) (2048 -1104 240 ) 
4 274 275 (1336 -1104 80 ) (2048 -1104 80 ) (2048 -1104 104 ) (1336 -1104 104 ) 
4 275 277 (2048 -1160 80 ) (1336 -1160 80 ) (1336 -1104 80 ) (2048 -1104 80 ) 
4 276 277 (2048 -1104 -80 ) (2048 -1104 -56 ) (1336 -1104 -56 ) (1336 -1104 -80 ) 
4 278 281 (1336 -1168 288 ) (1336 -1168 432 ) (1336 -1160 432 ) (1336 -1160 288 ) 
4 278 279 (1336 -1168 432 ) (1336 -1168 288 ) (2048 -1168 288 ) (2048 -1168 432 ) 
6 279 351 (1387.250000 -1360 -104 ) (1336 -1360 -104 ) (1336 -1360 -208 ) (1400 -1360 -208 ) (1400 -1360 -136 ) (1396 -1360 -118 ) 
4 279 340 (1588 -1360 -104 ) (1544 -1360 -104 ) (1544 -1360 -180 ) (1588 -1360 -180 ) 
4 279 339 (2048 -1360 -208 ) (2048 -1360 -104 ) (2032 -1360 -104 ) (2032 -1360 -208 ) 
6 279 336 (1336 -1360 -91.555557 ) (1336 -1360 -104 ) (1387.249878 -1360 -104 ) (1386 -1360 -102 ) (1370 -1360 -92 ) (1352 -1360 -88 ) 
4 279 327 (2048 -1360 -104 ) (2048 -1360 -80 ) (2032 -1360 -80 ) (2032 -1360 -104 ) 
4 279 324 (2048 -1360 -80 ) (2048 -1360 -72 ) (2032 -1360 -72 ) (2032 -1360 -80 ) 
4 279 319 (1680 -1360 -64 ) (1672 -1360 -64 ) (1672 -1360 -72 ) (1680 -1360 -72 ) 
4 279 318 (2048 -1360 -72 ) (2048 -1360 -64 ) (2032 -1360 -64 ) (2032 -1360 -72 ) 
4 279 316 (2048 -1360 -64 ) (2048 -1360 144 ) (2032 -1360 144 ) (2032 -1360 -64 ) 
4 279 317 (1680 -1360 144 ) (1336 -1360 144 ) (1336 -1360 -64 ) (1680 -1360 -64 ) 
4 279 309 (2048 -1360 144 ) (2048 -1360 152 ) (2032 -1360 152 ) (2032 -1360 144 ) 
4 279 310 (1680 -1360 152 ) (1336 -1360 152 ) (1336 -1360 144 ) (1680 -1360 144 ) 
4 279 308 (2048 -1360 152 ) (2048 -1360 432 ) (1336 -1360 432 ) (1336 -1360 152 ) 
4 279 305 (1336 -1360 -208 ) (1336 -1360 432 ) (1336 -1168 432 ) (1336 -1168 -208 ) 
4 280 286 (1328 -1024 288 ) (1328 -1024 280 ) (1328 -1160 280 ) (1328 -1160 288 ) 
4 280 285 (1328 -1160 432 ) (1328 -1024 432 ) (1328 -1024 288 ) (1328 -1160 288 ) 
4 280 281 (1336 -1160 288 ) (1336 -1160 432 ) (1328 -1160 432 ) (1328 -1160 288 ) 
4 281 305 (1336 -1168 288 ) (1336 -1168 432 ) (1328 -1168 432 ) (1328 -1168 288 ) 
4 281 285 (1328 -1168 288 ) (1328 -1168 432 ) (1328 -1160 432 ) (1328 -1160 288 ) 
4 282 292 (1328 -1024 139.250000 ) (1328 -1024 112 ) (1328 -1045 112 ) (1328 -1045 139.250000 ) 
4 282 287 (1328 -1024 224 ) (1328 -1024 139.250000 ) (1328 -1045 139.250000 ) (1328 -1045 224 ) 
4 283 293 (1328 -1045 -48 ) (1328 -1045 64 ) (1328 -1024 64 ) (1328 -1024 -48 ) 
4 284 304 (1328 -1045 -208 ) (1328 -1045 -172.750000 ) (1328 -1024 -172.750000 ) (1328 -1024 -208 ) 
4 284 299 (1328 -1045 -172.750000 ) (1328 -1045 -96 ) (1328 -1024 -96 ) (1328 -1024 -172.750000 ) 
4 285 497 (1024 -1024 432 ) (1024 -1024 288 ) (1024 -1168 288 ) (1024 -1168 432 ) 
4 285 307 (1024 -1168 432 ) (1024 -1168 288 ) (1083 -1168 288 ) (1083 -1168 432 ) 
4 285 306 (1083 -1168 288 ) (1088 -1168 288 ) (1088 -1168 432 ) (1083 -1168 432 ) 
4 285 305 (1088 -1168 288 ) (1328 -1168 288 ) (1328 -1168 432 ) (1088 -1168 432 ) 
4 285 286 (1024 -1024 288 ) (1328 -1024 288 ) (1328 -1160 288 ) (1024 -1160 288 ) 
4 287 292 (1328 -1160 139.250000 ) (1026 -1160 139.250000 ) (1026 -1024 139.250000 ) (1328 -1024 139.250000 ) 
4 287 290 (1026 -1067.750000 139.250000 ) (1026 -1111.750000 139.250000 ) (1026 -1111.750000 211.250000 ) (1026 -1067.750000 211.250000 ) 
4 287 289 (1026 -1111.750000 211.250000 ) (1026 -1111.750000 272 ) (1026 -1067.750000 272 ) (1026 -1067.750000 211.250000 ) 
4 287 288 (1026 -1024 139.250000 ) (1026 -1067.750000 139.250000 ) (1026 -1067.750000 272 ) (1026 -1024 272 ) 
4 287 291 (1026 -1111.750000 139.250000 ) (1026 -1160 139.250000 ) (1026 -1160 272 ) (1026 -1111.750000 272 ) 
4 288 292 (1024 -1067.750000 139.250000 ) (1024 -1024 139.250000 ) (1026 -1024 139.250000 ) (1026 -1067.750000 139.250000 ) 
4 288 290 (1024 -1067.750000 139.250000 ) (1026 -1067.750000 139.250000 ) (1026 -1067.750000 211.250000 ) (1024 -1067.750000 211.250000 ) 
4 288 289 (1026 -1067.750000 211.250000 ) (1026 -1067.750000 272 ) (1024 -1067.750000 272 ) (1024 -1067.750000 211.250000 ) 
4 289 498 (1024 -1110 214 ) (1024 -1068 214 ) (1024 -1068 211.250000 ) (1024 -1110 211.250000 ) 
4 289 291 (1026 -1111.750000 211.250000 ) (1026 -1111.750000 272 ) (1024 -1111.750000 272 ) (1024 -1111.750000 211.250000 ) 
4 289 290 (1026 -1111.750000 211.250000 ) (1024 -1111.750000 211.250000 ) (1024 -1067.750000 211.250000 ) (1026 -1067.750000 211.250000 ) 
4 290 498 (1024 -1110 211.250000 ) (1024 -1068 211.250000 ) (1024 -1068 140 ) (1024 -1110 140 ) 
4 290 292 (1024 -1111.750000 139.250000 ) (1024 -1067.750000 139.250000 ) (1026 -1067.750000 139.250000 ) (1026 -1111.750000 139.250000 ) 
4 290 291 (1024 -1111.750000 139.250000 ) (1026 -1111.750000 139.250000 ) (1026 -1111.750000 211.250000 ) (1024 -1111.750000 211.250000 ) 
4 291 292 (1026 -1160 139.250000 ) (1024 -1160 139.250000 ) (1024 -1111.750000 139.250000 ) (1026 -1111.750000 139.250000 ) 
4 293 296 (1026 -1111.750000 -13.750000 ) (1026 -1111.750000 58.250000 ) (1026 -1067.750000 58.250000 ) (1026 -1067.750000 -13.750000 ) 
4 293 295 (1026 -1111.750000 58.250000 ) (1026 -1111.750000 104 ) (1026 -1067.750000 104 ) (1026 -1067.750000 58.250000 ) 
4 293 297 (1026 -1067.750000 -48 ) (1026 -1111.750000 -48 ) (1026 -1111.750000 -13.750000 ) (1026 -1067.750000 -13.750000 ) 
4 293 294 (1026 -1024 -48 ) (1026 -1067.750000 -48 ) (1026 -1067.750000 104 ) (1026 -1024 104 ) 
4 293 298 (1026 -1111.750000 -48 ) (1026 -1160 -48 ) (1026 -1160 104 ) (1026 -1111.750000 104 ) 
4 294 296 (1026 -1067.750000 -13.750000 ) (1026 -1067.750000 58.250000 ) (1024 -1067.750000 58.250000 ) (1024 -1067.750000 -13.750000 ) 
4 294 295 (1026 -1067.750000 58.250000 ) (1026 -1067.750000 104 ) (1024 -1067.750000 104 ) (1024 -1067.750000 58.250000 ) 
4 294 297 (1024 -1067.750000 -48 ) (1026 -1067.750000 -48 ) (1026 -1067.750000 -13.750000 ) (1024 -1067.750000 -13.750000 ) 
4 295 499 (1024 -1111 60 ) (1024 -1068 60 ) (1024 -1068 58.250000 ) (1024 -1111 58.250000 ) 
4 295 298 (1026 -1111.750000 58.250000 ) (1026 -1111.750000 104 ) (1024 -1111.750000 104 ) (1024 -1111.750000 58.250000 ) 
4 295 296 (1026 -1111.750000 58.250000 ) (1024 -1111.750000 58.250000 ) (1024 -1067.750000 58.250000 ) (1026 -1067.750000 58.250000 ) 
4 296 499 (1024 -1111 58.250000 ) (1024 -1068 58.250000 ) (1024 -1068 -12 ) (1024 -1111 -12 ) 
4 296 297 (1026 -1111.750000 -13.750000 ) (1024 -1111.750000 -13.750000 ) (1024 -1067.750000 -13.750000 ) (1026 -1067.750000 -13.750000 ) 
4 296 298 (1026 -1111.750000 -13.750000 ) (1026 -1111.750000 58.250000 ) (1024 -1111.750000 58.250000 ) (1024 -1111.750000 -13.750000 ) 
4 297 298 (1024 -1111.750000 -48 ) (1026 -1111.750000 -48 ) (1026 -1111.750000 -13.750000 ) (1024 -1111.750000 -13.750000 ) 
4 299 304 (1328 -1160 -172.750000 ) (1026 -1160 -172.750000 ) (1026 -1024 -172.750000 ) (1328 -1024 -172.750000 ) 
4 299 302 (1026 -1067.750000 -172.750000 ) (1026 -1111.750000 -172.750000 ) (1026 -1111.750000 -100.750000 ) (1026 -1067.750000 -100.750000 ) 
4 299 301 (1026 -1111.750000 -100.750000 ) (1026 -1111.750000 -56 ) (1026 -1067.750000 -56 ) (1026 -1067.750000 -100.750000 ) 
4 299 300 (1026 -1024 -172.750000 ) (1026 -1067.750000 -172.750000 ) (1026 -1067.750000 -56 ) (1026 -1024 -56 ) 
4 299 303 (1026 -1111.750000 -172.750000 ) (1026 -1160 -172.750000 ) (1026 -1160 -56 ) (1026 -1111.750000 -56 ) 
4 300 304 (1024 -1067.750000 -172.750000 ) (1024 -1024 -172.750000 ) (1026 -1024 -172.750000 ) (1026 -1067.750000 -172.750000 ) 
4 300 302 (1024 -1067.750000 -172.750000 ) (1026 -1067.750000 -172.750000 ) (1026 -1067.750000 -100.750000 ) (1024 -1067.750000 -100.750000 ) 
4 300 301 (1026 -1067.750000 -100.750000 ) (1026 -1067.750000 -56 ) (1024 -1067.750000 -56 ) (1024 -1067.750000 -100.750000 ) 
4 301 500 (1024 -1111 -98 ) (1024 -1068 -98 ) (1024 -1068 -100.750000 ) (1024 -1111 -100.750000 ) 
4 301 303 (1026 -1111.750000 -100.750000 ) (1026 -1111.750000 -56 ) (1024 -1111.750000 -56 ) (1024 -1111.750000 -100.750000 ) 
4 301 302 (1026 -1111.750000 -100.750000 ) (1024 -1111.750000 -100.750000 ) (1024 -1067.750000 -100.750000 ) (1026 -1067.750000 -100.750000 ) 
4 302 500 (1024 -1111 -100.750000 ) (1024 -1068 -100.750000 ) (1024 -1068 -172 ) (1024 -1111 -172 ) 
4 302 304 (1024 -1111.750000 -172.750000 ) (1024 -1067.750000 -172.750000 ) (1026 -1067.750000 -172.750000 ) (1026 -1111.750000 -172.750000 ) 
4 302 303 (1024 -1111.750000 -172.750000 ) (1026 -1111.750000 -172.750000 ) (1026 -1111.750000 -100.750000 ) (1024 -1111.750000 -100.750000 ) 
4 303 304 (1026 -1160 -172.750000 ) (1024 -1160 -172.750000 ) (1024 -1111.750000 -172.750000 ) (1026 -1111.750000 -172.750000 ) 
6 305 351 (1336 -1360 -208 ) (1336 -1360 -104 ) (1316.750000 -1360 -104 ) (1308 -1360 -118 ) (1304 -1360 -136 ) (1304 -1360 -208 ) 
5 305 336 (1336 -1360 -104 ) (1336 -1360 -91.555557 ) (1334 -1360 -92 ) (1318 -1360 -102 ) (1316.750000 -1360 -104 ) 
4 305 317 (1336 -1360 -64 ) (1336 -1360 144 ) (1088 -1360 144 ) (1088 -1360 -64 ) 
4 305 310 (1336 -1360 144 ) (1336 -1360 152 ) (1088 -1360 152 ) (1088 -1360 144 ) 
4 305 308 (1336 -1360 152 ) (1336 -1360 432 ) (1088 -1360 432 ) (1088 -1360 152 ) 
4 305 306 (1088 -1360 -208 ) (1088 -1360 432 ) (1088 -1168 432 ) (1088 -1168 -208 ) 
4 306 357 (1088 -1360 -210 ) (1083 -1360 -210 ) (1083 -1168 -210 ) (1088 -1168 -210 ) 
4 306 317 (1088 -1360 -64 ) (1088 -1360 144 ) (1083 -1360 144 ) (1083 -1360 -64 ) 
4 306 310 (1088 -1360 144 ) (1088 -1360 152 ) (1083 -1360 152 ) (1083 -1360 144 ) 
4 306 308 (1088 -1360 152 ) (1088 -1360 432 ) (1083 -1360 432 ) (1083 -1360 152 ) 
4 306 307 (1083 -1360 -207 ) (1083 -1360 432 ) (1083 -1168 432 ) (1083 -1168 -207 ) 
4 307 503 (1024 -1168 432 ) (1024 -1168 -207 ) (1024 -1360 -207 ) (1024 -1360 432 ) 
4 307 352 (1024 -1360 -104 ) (1024 -1360 -207 ) (1080 -1360 -207 ) (1080 -1360 -104 ) 
4 307 338 (1024 -1360 -80 ) (1024 -1360 -104 ) (1080 -1360 -104 ) (1080 -1360 -80 ) 
4 307 326 (1024 -1360 -72 ) (1024 -1360 -80 ) (1080 -1360 -80 ) (1080 -1360 -72 ) 
4 307 322 (1024 -1360 -64 ) (1024 -1360 -72 ) (1080 -1360 -72 ) (1080 -1360 -64 ) 
4 307 317 (1024 -1360 144 ) (1024 -1360 -64 ) (1083 -1360 -64 ) (1083 -1360 144 ) 
4 307 310 (1024 -1360 152 ) (1024 -1360 144 ) (1083 -1360 144 ) (1083 -1360 152 ) 
4 307 308 (1024 -1360 432 ) (1024 -1360 152 ) (1083 -1360 152 ) (1083 -1360 432 ) 
4 308 505 (1024 -1672 152 ) (1024 -1688 152 ) (1024 -1688 432 ) (1024 -1672 432 ) 
4 308 503 (1024 -1360 432 ) (1024 -1360 152 ) (1024 -1672 152 ) (1024 -1672 432 ) 
4 308 354 (2048 -1688 152 ) (2048 -1688 432 ) (1024 -1688 432 ) (1024 -1688 152 ) 
4 308 314 (2048 -1688 152 ) (2032.800171 -1688 152 ) (2032.800171 -1680 152 ) (2048 -1680 152 ) 
4 308 315 (1680 -1688 152 ) (1024 -1688 152 ) (1024 -1680 152 ) (1680 -1680 152 ) 
4 308 312 (1688 -1368 152 ) (2024 -1368 152 ) (2024 -1680 152 ) (1688 -1680 152 ) 
4 308 313 (1024 -1680 152 ) (1024 -1368 152 ) (1680 -1368 152 ) (1680 -1680 152 ) 
4 308 311 (2032 -1368 152 ) (2048 -1368 152 ) (2048 -1680 152 ) (2032 -1680 152 ) 
4 308 309 (2032 -1360 152 ) (2048 -1360 152 ) (2048 -1368 152 ) (2032 -1368 152 ) 
4 308 310 (1024 -1368 152 ) (1024 -1360 152 ) (1680 -1360 152 ) (1680 -1368 152 ) 
4 309 316 (2032 -1360 144 ) (2048 -1360 144 ) (2048 -1368 144 ) (2032 -1368 144 ) 
4 309 311 (2032 -1368 144 ) (2048 -1368 144 ) (2048 -1368 152 ) (2032 -1368 152 ) 
4 310 503 (1024 -1360 152 ) (1024 -1360 144 ) (1024 -1368 144 ) (1024 -1368 152 ) 
4 310 317 (1024 -1368 144 ) (1024 -1360 144 ) (1680 -1360 144 ) (1680 -1368 144 ) 
4 310 313 (1024 -1368 144 ) (1680 -1368 144 ) (1680 -1368 152 ) (1024 -1368 152 ) 
4 311 316 (2032 -1368 144 ) (2048 -1368 144 ) (2048 -1680 144 ) (2032 -1680 144 ) 
4 311 314 (2032.800171 -1680 144 ) (2048 -1680 144 ) (2048 -1680 152 ) (2032.800171 -1680 152 ) 
4 313 505 (1024 -1672 144 ) (1024 -1680 144 ) (1024 -1680 152 ) (1024 -1672 152 ) 
4 313 503 (1024 -1368 144 ) (1024 -1672 144 ) (1024 -1672 152 ) (1024 -1368 152 ) 
4 313 317 (1024 -1680 144 ) (1024 -1368 144 ) (1680 -1368 144 ) (1680 -1680 144 ) 
4 313 315 (1024 -1680 144 ) (1680 -1680 144 ) (1680 -1680 152 ) (1024 -1680 152 ) 
4 314 354 (2048 -1688 144 ) (2048 -1688 152 ) (2032.800171 -1688 152 ) (2032.800171 -1688 144 ) 
4 314 316 (2048 -1688 144 ) (2032.800171 -1688 144 ) (2032.800171 -1680 144 ) (2048 -1680 144 ) 
4 315 505 (1024 -1680 144 ) (1024 -1688 144 ) (1024 -1688 152 ) (1024 -1680 152 ) 
4 315 354 (1680 -1688 152 ) (1024 -1688 152 ) (1024 -1688 144 ) (1680 -1688 144 ) 
4 315 317 (1680 -1688 144 ) (1024 -1688 144 ) (1024 -1680 144 ) (1680 -1680 144 ) 
4 316 354 (2048 -1688 -64 ) (2048 -1688 144 ) (2032 -1688 144 ) (2032 -1688 -64 ) 
4 316 323 (2048 -1688 -64 ) (2032 -1688 -64 ) (2032 -1672 -64 ) (2048 -1672 -64 ) 
4 316 320 (2032 -1672 -64 ) (2032 -1368 -64 ) (2048 -1368 -64 ) (2048 -1672 -64 ) 
4 316 318 (2032 -1368 -64 ) (2032 -1360 -64 ) (2048 -1360 -64 ) (2048 -1368 -64 ) 
4 317 505 (1024 -1672 -64 ) (1024 -1688 -64 ) (1024 -1688 144 ) (1024 -1672 144 ) 
4 317 503 (1024 -1360 144 ) (1024 -1360 -64 ) (1024 -1672 -64 ) (1024 -1672 144 ) 
4 317 354 (1680 -1688 144 ) (1024 -1688 144 ) (1024 -1688 -64 ) (1680 -1688 -64 ) 
4 317 321 (1680 -1368 -64 ) (1680 -1672 -64 ) (1088 -1672 -64 ) (1088 -1368 -64 ) 
4 317 319 (1672 -1360 -64 ) (1680 -1360 -64 ) (1680 -1368 -64 ) (1672 -1368 -64 ) 
4 317 322 (1024 -1672 -64 ) (1024 -1360 -64 ) (1080 -1360 -64 ) (1080 -1672 -64 ) 
4 318 324 (2032 -1360 -72 ) (2048 -1360 -72 ) (2048 -1368 -72 ) (2032 -1368 -72 ) 
4 318 320 (2032 -1368 -72 ) (2048 -1368 -72 ) (2048 -1368 -64 ) (2032 -1368 -64 ) 
4 319 321 (1672 -1368 -72 ) (1680 -1368 -72 ) (1680 -1368 -64 ) (1672 -1368 -64 ) 
4 320 324 (2048 -1368 -72 ) (2048 -1672 -72 ) (2032 -1672 -72 ) (2032 -1368 -72 ) 
4 320 323 (2032 -1672 -72 ) (2048 -1672 -72 ) (2048 -1672 -64 ) (2032 -1672 -64 ) 
4 322 503 (1024 -1360 -64 ) (1024 -1360 -72 ) (1024 -1672 -72 ) (1024 -1672 -64 ) 
4 322 326 (1024 -1672 -72 ) (1024 -1360 -72 ) (1080 -1360 -72 ) (1080 -1672 -72 ) 
4 323 354 (2048 -1688 -72 ) (2048 -1688 -64 ) (2032 -1688 -64 ) (2032 -1688 -72 ) 
4 323 324 (2048 -1688 -72 ) (2032 -1688 -72 ) (2032 -1672 -72 ) (2048 -1672 -72 ) 
4 324 354 (2048 -1688 -80 ) (2048 -1688 -72 ) (2032 -1688 -72 ) (2032 -1688 -80 ) 
4 324 335 (2048 -1688 -80 ) (2032 -1688 -80 ) (2032 -1680 -80 ) (2048 -1680 -80 ) 
4 324 328 (2032 -1680 -80 ) (2032 -1368 -80 ) (2048 -1368 -80 ) (2048 -1680 -80 ) 
4 324 327 (2032 -1368 -80 ) (2032 -1360 -80 ) (2048 -1360 -80 ) (2048 -1368 -80 ) 
4 325 332 (1408 -1672 -80 ) (1680 -1672 -80 ) (1680 -1680 -80 ) (1408 -1680 -80 ) 
4 326 503 (1024 -1360 -72 ) (1024 -1360 -80 ) (1024 -1672 -80 ) (1024 -1672 -72 ) 
4 326 338 (1024 -1672 -80 ) (1024 -1360 -80 ) (1080 -1360 -80 ) (1080 -1672 -80 ) 
4 327 339 (2032 -1360 -104 ) (2048 -1360 -104 ) (2048 -1368 -104 ) (2032 -1368 -104 ) 
4 327 328 (2032 -1368 -104 ) (2048 -1368 -104 ) (2048 -1368 -80 ) (2032 -1368 -80 ) 
4 328 339 (2032 -1368 -104 ) (2048 -1368 -104 ) (2048 -1680 -104 ) (2032 -1680 -104 ) 
4 328 335 (2032 -1680 -104 ) (2048 -1680 -104 ) (2048 -1680 -80 ) (2032 -1680 -80 ) 
4 328 329 (2032 -1476 -104 ) (2032 -1572 -104 ) (2032 -1572 -102 ) (2032 -1476 -102 ) 
4 329 342 (2032 -1476 -104 ) (2032 -1572 -104 ) (2024 -1572 -104 ) (2024 -1476 -104 ) 
4 329 330 (2024 -1476 -104 ) (2024 -1572 -104 ) (2024 -1572 -102 ) (2024 -1476 -102 ) 
4 330 345 (1688 -1368 -104 ) (2024 -1368 -104 ) (2024 -1680 -104 ) (1688 -1680 -104 ) 
4 330 331 (1688 -1496 -104 ) (1688 -1552 -104 ) (1688 -1552 -96 ) (1688 -1496 -96 ) 
4 331 346 (1688 -1496 -104 ) (1688 -1552 -104 ) (1680 -1552 -104 ) (1680 -1496 -104 ) 
4 331 333 (1680 -1496 -104 ) (1680 -1552 -104 ) (1680 -1552 -96 ) (1680 -1496 -96 ) 
4 332 334 (1424 -1680 -88 ) (1408 -1680 -88 ) (1408 -1672 -88 ) (1424 -1672 -88 ) 
4 333 347 (1432 -1368 -104 ) (1680 -1368 -104 ) (1680 -1672 -104 ) (1432 -1672 -104 ) 
4 334 348 (1408 -1680 -104 ) (1408 -1368 -104 ) (1424 -1368 -104 ) (1424 -1680 -104 ) 
4 335 354 (2048 -1688 -104 ) (2048 -1688 -80 ) (2032 -1688 -80 ) (2032 -1688 -104 ) 
4 335 339 (2048 -1688 -104 ) (2032 -1688 -104 ) (2032 -1680 -104 ) (2048 -1680 -104 ) 
4 336 351 (1316.750000 -1672 -104 ) (1316.750000 -1360 -104 ) (1387.249878 -1360 -104 ) (1387.249878 -1672 -104 ) 
7 336 337 (1318.003418 -1672 -101.997879 ) (1316.752075 -1672 -104 ) (1387.249878 -1672 -104 ) (1386 -1672 -102 ) (1370 -1672 -92 ) (1352 -1672 -88 ) (1334 -1672 -92 ) 
7 337 354 (1352 -1688 -88 ) (1334 -1688 -92 ) (1318 -1688 -102 ) (1316.750000 -1688 -104 ) (1387.249878 -1688 -104 ) (1386 -1688 -102 ) (1370 -1688 -92 ) 
4 337 351 (1387.249878 -1688 -104 ) (1316.750000 -1688 -104 ) (1316.750000 -1672 -104 ) (1387.249878 -1672 -104 ) 
4 338 503 (1024 -1360 -80 ) (1024 -1360 -104 ) (1024 -1672 -104 ) (1024 -1672 -80 ) 
4 338 352 (1024 -1408 -104 ) (1024 -1360 -104 ) (1080 -1360 -104 ) (1080 -1408 -104 ) 
4 338 353 (1024 -1672 -104 ) (1024 -1408 -104 ) (1080 -1408 -104 ) (1080 -1672 -104 ) 
4 339 354 (2048 -1688 -200 ) (2048 -1688 -104 ) (2032 -1688 -104 ) (2032 -1688 -200 ) 
4 339 344 (2032 -1476 -208 ) (2032 -1572 -208 ) (2032 -1572 -176 ) (2032 -1476 -176 ) 
4 339 343 (2032 -1672 -104 ) (2032 -1580 -104 ) (2032 -1580 -176 ) (2032 -1672 -176 ) 
4 339 342 (2032 -1572 -104 ) (2032 -1476 -104 ) (2032 -1476 -176 ) (2032 -1572 -176 ) 
4 339 341 (2032 -1468 -104 ) (2032 -1376 -104 ) (2032 -1376 -176 ) (2032 -1468 -176 ) 
4 340 347 (1588 -1368 -180 ) (1588 -1368 -104 ) (1544 -1368 -104 ) (1544 -1368 -180 ) 
4 341 345 (2024 -1376 -176 ) (2024 -1468 -176 ) (2024 -1468 -104 ) (2024 -1376 -104 ) 
4 342 345 (2024 -1476 -176 ) (2024 -1572 -176 ) (2024 -1572 -104 ) (2024 -1476 -104 ) 
4 342 344 (2024 -1572 -176 ) (2024 -1476 -176 ) (2032 -1476 -176 ) (2032 -1572 -176 ) 
4 343 345 (2024 -1580 -176 ) (2024 -1672 -176 ) (2024 -1672 -104 ) (2024 -1580 -104 ) 
4 344 345 (2024 -1572 -208 ) (2024 -1572 -176 ) (2024 -1476 -176 ) (2024 -1476 -208 ) 
4 345 346 (1688 -1496 -208 ) (1688 -1552 -208 ) (1688 -1552 -104 ) (1688 -1496 -104 ) 
4 346 347 (1680 -1496 -208 ) (1680 -1552 -208 ) (1680 -1552 -104 ) (1680 -1496 -104 ) 
4 348 349 (1408 -1368 -208 ) (1424 -1368 -208 ) (1424 -1680 -208 ) (1408 -1680 -208 ) 
4 349 359 (1408 -1680 -210 ) (1408 -1368 -210 ) (1424 -1368 -210 ) (1424 -1680 -210 ) 
4 349 350 (1408 -1680 -208 ) (1408 -1680 -210 ) (1424 -1680 -210 ) (1424 -1680 -208 ) 
4 350 362 (1752 -1688 -210 ) (1408 -1688 -210 ) (1408 -1680 -210 ) (1752 -1680 -210 ) 
4 350 355 (1408 -1688 -210 ) (2032 -1688 -210 ) (2032 -1688 -208 ) (1408 -1688 -208 ) 
8 351 354 (1400 -1688 -200 ) (1400 -1688 -136 ) (1396 -1688 -118 ) (1387.250000 -1688 -104 ) (1316.750000 -1688 -104 ) (1308 -1688 -118 ) (1304 -1688 -136 ) (1304 -1688 -200 ) 
4 352 503 (1024 -1360 -104 ) (1024 -1360 -207 ) (1024 -1408 -207 ) (1024 -1408 -104 ) 
4 352 353 (1080 -1408 -207 ) (1080 -1408 -104 ) (1024 -1408 -104 ) (1024 -1408 -207 ) 
4 353 562 (1024 -1408 -210 ) (1024 -1672 -210 ) (1024 -1672 -209 ) (1024 -1408 -209 ) 
4 353 504 (1024 -1672 -209 ) (1024 -1672 -207 ) (1024 -1408 -207 ) (1024 -1408 -209 ) 
4 353 503 (1024 -1672 -207 ) (1024 -1672 -104 ) (1024 -1408 -104 ) (1024 -1408 -207 ) 
4 353 361 (1024 -1672 -210 ) (1024 -1408 -210 ) (1080 -1408 -210 ) (1080 -1672 -210 ) 
4 354 506 (1024 -1816 432 ) (1024 -1688 432 ) (1024 -1688 -200 ) (1024 -1816 -200 ) 
4 354 356 (2048 -1816 -200 ) (2048 -1816 432 ) (1024 -1816 432 ) (1024 -1816 -200 ) 
4 355 567 (1024 -1688 -209 ) (1024 -1688 -210 ) (1024 -1816 -210 ) (1024 -1816 -209 ) 
4 355 507 (1024 -1688 -208 ) (1024 -1688 -209 ) (1024 -1816 -209 ) (1024 -1816 -208 ) 
4 355 364 (1752 -1816 -210 ) (1024 -1816 -210 ) (1024 -1776 -210 ) (1752 -1776 -210 ) 
4 355 363 (1024 -1776 -210 ) (1024 -1688 -210 ) (1752 -1688 -210 ) (1752 -1776 -210 ) 
4 355 356 (1024 -1816 -210 ) (2048 -1816 -210 ) (2048 -1816 -208 ) (1024 -1816 -208 ) 
4 356 567 (1024 -2048 -210 ) (1024 -2048 -209 ) (1024 -1816 -209 ) (1024 -1816 -210 ) 
4 356 508 (1024 -2048 -209 ) (1024 -2048 -200 ) (1024 -1816 -200 ) (1024 -1816 -209 ) 
4 356 506 (1024 -2048 -200 ) (1024 -2048 432 ) (1024 -1816 432 ) (1024 -1816 -200 ) 
4 356 388 (2048 -2048 -210 ) (2048 -2048 432 ) (1024 -2048 432 ) (1024 -2048 -210 ) 
4 356 364 (1752 -2048 -210 ) (1024 -2048 -210 ) (1024 -1816 -210 ) (1752 -1816 -210 ) 
4 357 358 (1083 -1168 -215 ) (1083 -1168 -216 ) (1083 -1360 -216 ) (1083 -1360 -215 ) 
4 358 580 (1024 -1168 -215 ) (1024 -1168 -216 ) (1024 -1360 -216 ) (1024 -1360 -215 ) 
4 358 360 (1024 -1360 -216 ) (1080 -1360 -216 ) (1080 -1360 -215 ) (1024 -1360 -215 ) 
4 359 362 (1408 -1680 -216 ) (1424 -1680 -216 ) (1424 -1680 -210 ) (1408 -1680 -210 ) 
4 360 580 (1024 -1360 -215 ) (1024 -1360 -216 ) (1024 -1408 -216 ) (1024 -1408 -215 ) 
4 360 361 (1024 -1408 -216 ) (1080 -1408 -216 ) (1080 -1408 -215 ) (1024 -1408 -215 ) 
4 361 582 (1024 -1672 -210 ) (1024 -1408 -210 ) (1024 -1408 -215 ) (1024 -1672 -215 ) 
4 361 587 (1024 -1408 -215 ) (1024 -1408 -216 ) (1024 -1672 -216 ) (1024 -1672 -215 ) 
4 362 363 (1408 -1688 -216 ) (1752 -1688 -216 ) (1752 -1688 -210 ) (1408 -1688 -210 ) 
4 363 588 (1024 -1776 -210 ) (1024 -1688 -210 ) (1024 -1688 -216 ) (1024 -1776 -216 ) 
4 363 364 (1024 -1776 -216 ) (1752 -1776 -216 ) (1752 -1776 -210 ) (1024 -1776 -210 ) 
4 364 589 (1024 -2048 -216 ) (1024 -2048 -210 ) (1024 -1776 -210 ) (1024 -1776 -216 ) 
4 364 393 (1752 -2048 -210 ) (1024 -2048 -210 ) (1024 -2048 -216 ) (1752 -2048 -216 ) 
4 365 374 (4096 -2840 -216 ) (4096 -3072 -216 ) (4096 -3072 -208 ) (4096 -2840 -208 ) 
4 365 372 (4096 -2048 -208 ) (4096 -2048 -216 ) (4096 -2840 -216 ) (4096 -2840 -208 ) 
4 365 370 (4096 -2832 -208 ) (4096 -2960 -208 ) (4096 -2960 -200 ) (4096 -2832 -200 ) 
4 365 371 (4096 -2960 -208 ) (4096 -3072 -208 ) (4096 -3072 -200 ) (4096 -2960 -200 ) 
4 365 368 (4096 -2048 -200 ) (4096 -2048 -208 ) (4096 -2832 -208 ) (4096 -2832 -200 ) 
4 365 367 (4096 -2048 432 ) (4096 -2048 -200 ) (4096 -3072 -200 ) (4096 -3072 432 ) 
4 365 366 (4096 -3072 432 ) (4096 -3072 -216 ) (4776 -3072 -216 ) (4776 -3072 432 ) 
4 366 379 (4096 -3376 -216 ) (4096 -3376 -208 ) (4096 -3072 -208 ) (4096 -3072 -216 ) 
4 366 378 (4096 -3376 -208 ) (4096 -3376 -200 ) (4096 -3248 -200 ) (4096 -3248 -208 ) 
4 366 377 (4096 -3248 -200 ) (4096 -3072 -200 ) (4096 -3072 -208 ) (4096 -3248 -208 ) 
4 366 376 (4096 -3376 -200 ) (4096 -3376 432 ) (4096 -3072 432 ) (4096 -3072 -200 ) 
4 367 381 (3072 -2048 432 ) (3072 -2048 -200 ) (3072 -3072 -200 ) (3072 -3072 432 ) 
4 367 376 (4096 -3072 -200 ) (4096 -3072 432 ) (3072 -3072 432 ) (3072 -3072 -200 ) 
4 367 370 (3672 -2832 -200 ) (4096 -2832 -200 ) (4096 -2960 -200 ) (3672 -2960 -200 ) 
4 367 371 (4096 -3072 -200 ) (3072 -3072 -200 ) (3072 -2960 -200 ) (4096 -2960 -200 ) 
4 367 368 (3672 -2048 -200 ) (4096 -2048 -200 ) (4096 -2832 -200 ) (3672 -2832 -200 ) 
4 367 369 (3072 -2832 -200 ) (3072 -2048 -200 ) (3544 -2048 -200 ) (3544 -2832 -200 ) 
4 368 372 (3672 -2048 -208 ) (4096 -2048 -208 ) (4096 -2832 -208 ) (3672 -2832 -208 ) 
4 368 370 (3672 -2832 -208 ) (4096 -2832 -208 ) (4096 -2832 -200 ) (3672 -2832 -200 ) 
4 369 382 (3072 -2048 -200 ) (3072 -2048 -208 ) (3072 -2832 -208 ) (3072 -2832 -200 ) 
4 369 373 (3072 -2832 -208 ) (3072 -2048 -208 ) (3544 -2048 -208 ) (3544 -2832 -208 ) 
4 370 374 (4096 -2840 -208 ) (4096 -2960 -208 ) (3672 -2960 -208 ) (3672 -2840 -208 ) 
4 370 372 (3672 -2832 -208 ) (4096 -2832 -208 ) (4096 -2840 -208 ) (3672 -2840 -208 ) 
4 370 371 (3672 -2960 -208 ) (4096 -2960 -208 ) (4096 -2960 -200 ) (3672 -2960 -200 ) 
4 371 383 (3072 -2960 -208 ) (3072 -3072 -208 ) (3072 -3072 -200 ) (3072 -2960 -200 ) 
4 371 377 (4096 -3072 -208 ) (4096 -3072 -200 ) (3072 -3072 -200 ) (3072 -3072 -208 ) 
4 371 374 (3672 -2960 -208 ) (4096 -2960 -208 ) (4096 -3072 -208 ) (3672 -3072 -208 ) 
4 372 375 (3544 -2840 -216 ) (3672 -2840 -216 ) (3672 -2840 -208 ) (3544 -2840 -208 ) 
4 372 374 (3672 -2840 -216 ) (4096 -2840 -216 ) (4096 -2840 -208 ) (3672 -2840 -208 ) 
4 372 373 (3544 -2840 -210 ) (3544 -2840 -208 ) (3544 -2048 -208 ) (3544 -2048 -210 ) 
4 373 384 (3072 -2048 -208 ) (3072 -2048 -210 ) (3072 -2840 -210 ) (3072 -2840 -208 ) 
4 373 375 (3544 -2840 -210 ) (3544 -2840 -208 ) (3072 -2840 -208 ) (3072 -2840 -210 ) 
4 374 379 (4096 -3072 -216 ) (4096 -3072 -208 ) (3672 -3072 -208 ) (3672 -3072 -216 ) 
4 374 375 (3672 -2840 -208 ) (3672 -2840 -216 ) (3672 -2960 -216 ) (3672 -2960 -208 ) 
4 375 385 (3072 -2840 -216 ) (3072 -2960 -216 ) (3072 -2960 -208 ) (3072 -2840 -208 ) 
4 376 396 (3072 -3376 -200 ) (3072 -3376 432 ) (3072 -3248 432 ) (3072 -3248 -200 ) 
4 376 395 (3072 -3248 432 ) (3072 -3072 432 ) (3072 -3072 -200 ) (3072 -3248 -200 ) 
4 376 378 (4096 -3376 -200 ) (3616 -3376 -200 ) (3616 -3248 -200 ) (4096 -3248 -200 ) 
4 376 377 (3072 -3248 -200 ) (3072 -3072 -200 ) (4096 -3072 -200 ) (4096 -3248 -200 ) 
4 377 395 (3072 -3248 -200 ) (3072 -3072 -200 ) (3072 -3072 -208 ) (3072 -3248 -208 ) 
4 377 379 (3672 -3072 -208 ) (4096 -3072 -208 ) (4096 -3248 -208 ) (3672 -3248 -208 ) 
4 377 378 (3616 -3248 -208 ) (4096 -3248 -208 ) (4096 -3248 -200 ) (3616 -3248 -200 ) 
4 378 380 (3672 -3376 -208 ) (3616 -3376 -208 ) (3616 -3248 -208 ) (3672 -3248 -208 ) 
4 378 379 (4096 -3376 -208 ) (3672 -3376 -208 ) (3672 -3248 -208 ) (4096 -3248 -208 ) 
4 379 380 (3672 -3248 -216 ) (3672 -3376 -216 ) (3672 -3376 -208 ) (3672 -3248 -208 ) 
4 380 397 (3072 -3376 -216 ) (3072 -3376 -208 ) (3072 -3248 -208 ) (3072 -3248 -216 ) 
4 381 395 (3072 -3072 -200 ) (3072 -3072 432 ) (2048 -3072 432 ) (2048 -3072 -200 ) 
4 381 392 (2048 -2960 -200 ) (2048 -3072 -200 ) (2048 -3072 432 ) (2048 -2960 432 ) 
4 381 389 (2048 -2832 -200 ) (2048 -2960 -200 ) (2048 -2960 432 ) (2048 -2832 432 ) 
4 381 388 (2048 -2048 432 ) (2048 -2048 -200 ) (2048 -2832 -200 ) (2048 -2832 432 ) 
4 381 382 (2048 -2832 -200 ) (2048 -2048 -200 ) (3072 -2048 -200 ) (3072 -2832 -200 ) 
4 381 383 (3072 -3072 -200 ) (2048 -3072 -200 ) (2048 -2960 -200 ) (3072 -2960 -200 ) 
4 382 388 (2048 -2048 -200 ) (2048 -2048 -208 ) (2048 -2832 -208 ) (2048 -2832 -200 ) 
4 382 386 (2048 -2832 -208 ) (2048 -2048 -208 ) (2208 -2048 -208 ) (2208 -2832 -208 ) 
4 382 384 (2208 -2048 -208 ) (3072 -2048 -208 ) (3072 -2832 -208 ) (2208 -2832 -208 ) 
4 383 395 (3072 -3072 -208 ) (3072 -3072 -200 ) (2048 -3072 -200 ) (2048 -3072 -208 ) 
4 383 392 (2048 -2960 -208 ) (2048 -3072 -208 ) (2048 -3072 -200 ) (2048 -2960 -200 ) 
4 384 386 (2208 -2832 -208 ) (2208 -2048 -208 ) (2208 -2048 -210 ) (2208 -2832 -210 ) 
4 384 387 (2208 -2840 -210 ) (2208 -2840 -208 ) (2208 -2832 -208 ) (2208 -2832 -210 ) 
4 384 385 (2208 -2840 -208 ) (2208 -2840 -210 ) (3072 -2840 -210 ) (3072 -2840 -208 ) 
4 385 387 (2208 -2840 -216 ) (2208 -2960 -216 ) (2208 -2960 -208 ) (2208 -2840 -208 ) 
4 386 388 (2048 -2048 -208 ) (2048 -2048 -210 ) (2048 -2832 -210 ) (2048 -2832 -208 ) 
4 386 387 (2208 -2832 -210 ) (2208 -2832 -208 ) (2048 -2832 -208 ) (2048 -2832 -210 ) 
4 387 394 (2048 -2832 -216 ) (2048 -2960 -216 ) (2048 -2960 -210 ) (2048 -2832 -210 ) 
4 387 391 (2048 -2960 -210 ) (2048 -2960 -208 ) (2048 -2832 -208 ) (2048 -2832 -210 ) 
4 388 677 (1024 -2048 -72 ) (1024 -2048 -210 ) (1024 -2832 -210 ) (1024 -2832 -72 ) 
4 388 670 (1024 -2048 -56 ) (1024 -2048 -72 ) (1024 -2832 -72 ) (1024 -2832 -56 ) 
4 388 669 (1024 -2048 432 ) (1024 -2048 -56 ) (1024 -2832 -56 ) (1024 -2832 432 ) 
4 388 393 (1752 -2832 -210 ) (1024 -2832 -210 ) (1024 -2048 -210 ) (1752 -2048 -210 ) 
4 388 391 (1464 -2832 -210 ) (2048 -2832 -210 ) (2048 -2832 -208 ) (1464 -2832 -208 ) 
4 388 390 (1456 -2832 -200 ) (1024 -2832 -200 ) (1080 -2832 -208 ) (1400 -2832 -208 ) 
4 388 389 (2048 -2832 -200 ) (2048 -2832 432 ) (1024 -2832 432 ) (1024 -2832 -200 ) 
4 389 680 (1024 -2832 -72 ) (1024 -2832 -200 ) (1024 -2960 -200 ) (1024 -2960 -72 ) 
4 389 670 (1024 -2832 -56 ) (1024 -2832 -72 ) (1024 -2960 -72 ) (1024 -2960 -56 ) 
4 389 669 (1024 -2832 432 ) (1024 -2832 -56 ) (1024 -2960 -56 ) (1024 -2960 432 ) 
4 389 392 (1024 -2960 432 ) (1024 -2960 -200 ) (2048 -2960 -200 ) (2048 -2960 432 ) 
4 389 390 (1456 -2960 -200 ) (1024 -2960 -200 ) (1024 -2832 -200 ) (1456 -2832 -200 ) 
4 390 392 (1024 -2960 -200 ) (1080 -2960 -208 ) (1400 -2960 -208 ) (1456 -2960 -200 ) 
4 391 394 (2048 -2832 -210 ) (2048 -2960 -210 ) (1464 -2960 -210 ) (1464 -2832 -210 ) 
4 392 682 (1024 -3072 -208 ) (1024 -3072 -72 ) (1024 -2960 -72 ) (1024 -2960 -208 ) 
4 392 670 (1024 -3072 -72 ) (1024 -3072 -56 ) (1024 -2960 -56 ) (1024 -2960 -72 ) 
4 392 669 (1024 -3072 -56 ) (1024 -3072 432 ) (1024 -2960 432 ) (1024 -2960 -56 ) 
4 392 398 (2048 -3072 -208 ) (2048 -3072 432 ) (1024 -3072 432 ) (1024 -3072 -208 ) 
4 393 727 (1024 -2832 -210 ) (1024 -2392 -210 ) (1024 -2392 -216 ) (1024 -2832 -216 ) 
4 393 722 (1024 -2392 -210 ) (1024 -2048 -210 ) (1024 -2048 -216 ) (1024 -2392 -216 ) 
4 393 394 (1464 -2832 -216 ) (1752 -2832 -216 ) (1752 -2832 -210 ) (1464 -2832 -210 ) 
4 395 398 (2048 -3072 432 ) (2048 -3072 -208 ) (2048 -3248 -208 ) (2048 -3248 432 ) 
4 395 396 (3072 -3248 -200 ) (3072 -3248 432 ) (2048 -3248 432 ) (2048 -3248 -200 ) 
4 396 399 (2048 -3376 -200 ) (2048 -3376 432 ) (2048 -3248 432 ) (2048 -3248 -200 ) 
4 397 400 (2048 -3248 -216 ) (2048 -3376 -216 ) (2048 -3376 -208 ) (2048 -3248 -208 ) 
4 398 749 (1024 -3072 -100 ) (1024 -3072 -208 ) (1024 -3248 -208 ) (1024 -3248 -100 ) 
4 398 747 (1024 -3072 -72 ) (1024 -3072 -100 ) (1024 -3248 -100 ) (1024 -3248 -72 ) 
4 398 745 (1024 -3072 -56 ) (1024 -3072 -72 ) (1024 -3248 -72 ) (1024 -3248 -56 ) 
4 398 744 (1024 -3248 432 ) (1024 -3072 432 ) (1024 -3072 -56 ) (1024 -3248 -56 ) 
4 398 399 (2048 -3248 -200 ) (2048 -3248 432 ) (1024 -3248 432 ) (1024 -3248 -200 ) 
4 399 758 (1024 -3376 -200 ) (1024 -3376 -72 ) (1024 -3272 -72 ) (1024 -3272 -200 ) 
4 399 750 (1024 -3248 -100 ) (1024 -3248 -200 ) (1024 -3272 -200 ) (1024 -3272 -100 ) 
4 399 747 (1024 -3272 -72 ) (1024 -3248 -72 ) (1024 -3248 -100 ) (1024 -3272 -100 ) 
4 399 745 (1024 -3376 -72 ) (1024 -3376 -56 ) (1024 -3248 -56 ) (1024 -3248 -72 ) 
4 399 744 (1024 -3376 -56 ) (1024 -3376 432 ) (1024 -3248 432 ) (1024 -3248 -56 ) 
4 400 769 (1024 -3376 -216 ) (1024 -3376 -208 ) (1024 -3272 -208 ) (1024 -3272 -216 ) 
4 400 768 (1024 -3272 -208 ) (1024 -3248 -208 ) (1024 -3248 -216 ) (1024 -3272 -216 ) 
4 401 912 (1024 -4600 -368 ) (1024 -4472 -368 ) (1024 -4472 -496 ) (1024 -4600 -496 ) 
11 402 416 (648 430.895874 -208 ) (648 145.104401 -208 ) (648 148.147003 -185.960236 ) (648 155.998703 -157.521683 ) (648 186.003799 -118.884109 ) (648 234.001923 -94.740959 ) (648 288.001404 -85.083351 ) (648 342 -94.740952 ) (648 390.002533 -118.887283 ) (648 420 -157.516937 ) (648 427.854065 -185.960587 ) 
4 402 412 (648 1000 -72 ) (648 1000 -208 ) (648 464 -208 ) (648 464 -72 ) 
4 402 407 (648 1000 -64 ) (648 1000 -72 ) (648 464 -72 ) (648 464 -64 ) 
4 402 406 (648 144 432 ) (648 1000 432 ) (648 1000 -64 ) (648 144 -64 ) 
4 402 404 (1024 144 -204 ) (1024 144 432 ) (648 144 432 ) (648 144 -204 ) 
4 402 403 (648 432 -208 ) (648 1000 -208 ) (1024 1000 -208 ) (1024 432 -208 ) 
4 403 412 (648 1000 -208 ) (648 1000 -216 ) (648 464 -216 ) (648 464 -208 ) 
4 404 464 (1024 0 -204 ) (1024 0 -72 ) (648 0 -72 ) (648 0 -204 ) 
4 404 457 (648 0 -64 ) (648 0 -72 ) (1016 0 -72 ) (1016 0 -64 ) 
4 404 456 (648 0 296 ) (648 0 -64 ) (1016 0 -64 ) (1016 0 296 ) 
4 404 454 (1016 0 432 ) (648 0 432 ) (648 0 296 ) (1016 0 296 ) 
4 404 450 (1024 0 -72 ) (1024 0 112 ) (1016 0 112 ) (1016 0 -72 ) 
4 404 448 (1024 0 112 ) (1024 0 432 ) (1016 0 432 ) (1016 0 112 ) 
4 404 406 (648 0 -64 ) (648 0 432 ) (648 144 432 ) (648 144 -64 ) 
4 405 465 (1024 0 -216 ) (1024 0 -212 ) (648 0 -212 ) (648 0 -216 ) 
4 405 419 (648 0 -216 ) (648 0 -212 ) (648 24 -212 ) (648 24 -216 ) 
4 405 417 (648 24 -212 ) (648 120 -212 ) (648 120 -216 ) (648 24 -216 ) 
4 406 463 (80 0 296 ) (72 0 296 ) (72 0 -64 ) (80 0 -64 ) 
4 406 456 (648 0 -64 ) (648 0 296 ) (80 0 296 ) (80 0 -64 ) 
4 406 454 (648 0 296 ) (648 0 432 ) (72 0 432 ) (72 0 296 ) 
4 406 411 (72 0 -64 ) (72 0 184 ) (72 992 184 ) (72 992 -64 ) 
4 406 410 (72 0 184 ) (72 0 432 ) (72 1000 432 ) (72 1000 184 ) 
4 406 408 (88 456 -64 ) (640 456 -64 ) (640 0 -64 ) (88 0 -64 ) 
4 406 409 (72 0 -64 ) (72 456 -64 ) (80 456 -64 ) (80 0 -64 ) 
4 406 407 (72 464 -64 ) (72 1000 -64 ) (648 1000 -64 ) (648 464 -64 ) 
4 407 412 (648 1000 -72 ) (648 464 -72 ) (72 464 -72 ) (72 1000 -72 ) 
4 407 411 (72 992 -72 ) (72 464 -72 ) (72 464 -64 ) (72 992 -64 ) 
4 408 461 (248 0 -64 ) (240 0 -64 ) (240 0 -72 ) (248 0 -72 ) 
4 408 462 (240 0 -64 ) (88 0 -64 ) (88 0 -72 ) (240 0 -72 ) 
4 408 460 (640 0 -64 ) (248 0 -64 ) (248 0 -72 ) (640 0 -72 ) 
4 409 463 (80 0 -64 ) (72 0 -64 ) (72 0 -72 ) (80 0 -72 ) 
4 409 411 (72 456 -72 ) (72 0 -72 ) (72 0 -64 ) (72 456 -64 ) 
4 410 463 (0 0 296 ) (0 0 184 ) (72 0 184 ) (72 0 296 ) 
4 410 454 (0 0 432 ) (0 0 296 ) (72 0 296 ) (72 0 432 ) 
4 410 422 (0 0 184 ) (0 0 432 ) (0 1000 432 ) (0 1000 184 ) 
4 410 411 (0 0 184 ) (0 992 184 ) (72 992 184 ) (72 0 184 ) 
4 411 463 (0 0 184 ) (0 0 -72 ) (72 0 -72 ) (72 0 184 ) 
4 411 423 (0 0 -72 ) (0 0 184 ) (0 992 184 ) (0 992 -72 ) 
4 411 415 (72 464 -72 ) (72 456 -72 ) (0 456 -72 ) (0 464 -72 ) 
4 411 413 (72 992 -72 ) (72 464 -72 ) (0 464 -72 ) (0 992 -72 ) 
4 412 414 (72 464 -216 ) (88 464 -216 ) (88 464 -208 ) (72 464 -208 ) 
4 412 413 (72 992 -216 ) (72 464 -216 ) (72 464 -72 ) (72 992 -72 ) 
4 413 425 (0 992 -80 ) (0 992 -216 ) (0 464 -216 ) (0 464 -80 ) 
4 413 424 (0 464 -72 ) (0 992 -72 ) (0 992 -80 ) (0 464 -80 ) 
4 413 415 (0 464 -216 ) (72 464 -216 ) (72 464 -72 ) (0 464 -72 ) 
4 414 415 (72 464 -208 ) (72 464 -216 ) (72 456 -216 ) (72 456 -208 ) 
4 415 425 (0 464 -80 ) (0 464 -216 ) (0 456 -216 ) (0 456 -80 ) 
4 415 424 (0 456 -72 ) (0 464 -72 ) (0 464 -80 ) (0 456 -80 ) 
11 416 426 (0 288.001404 -85.082870 ) (0 341.998871 -94.740219 ) (0 390.004944 -118.888489 ) (0 419.997711 -157.512177 ) (0 427.854950 -185.967224 ) (0 430.895874 -208 ) (0 145.104401 -208 ) (0 148.146988 -185.960297 ) (0 156 -157.518723 ) (0 186.002594 -118.883766 ) (0 234 -94.740746 ) 
4 417 419 (648 24 -216 ) (648 24 -208 ) (640 24 -208 ) (640 24 -216 ) 
4 417 418 (640 120 -204 ) (640 120 -216 ) (640 24 -216 ) (640 24 -204 ) 
4 418 420 (344 24 -208 ) (344 24 -216 ) (640 24 -216 ) (640 24 -208 ) 
4 419 471 (648 0 -216 ) (648 0 -208 ) (640 0 -208 ) (640 0 -216 ) 
4 419 420 (640 24 -208 ) (640 24 -216 ) (640 0 -216 ) (640 0 -208 ) 
4 421 488 (344 0 -208 ) (344 0 -80 ) (0 0 -80 ) (0 0 -208 ) 
4 421 427 (0 0 -208 ) (0 0 -80 ) (0 16 -80 ) (0 16 -208 ) 
4 422 604 (0 0 184 ) (0 0 432 ) (-24 0 432 ) (-24 0 184 ) 
4 422 423 (0 992 184 ) (0 0 184 ) (-24 0 184 ) (-24 992 184 ) 
4 423 604 (0 0 -72 ) (0 0 184 ) (-24 0 184 ) (-24 0 -72 ) 
4 423 424 (-24 456 -72 ) (-24 992 -72 ) (0 992 -72 ) (0 456 -72 ) 
4 424 425 (-24 456 -80 ) (-24 992 -80 ) (0 992 -80 ) (0 456 -80 ) 
4 426 434 (-32 152 -208 ) (-32 145.104401 -208 ) (-32 148.146988 -185.960281 ) (-32 152 -172.004837 ) 
12 426 433 (-32 304.312134 -88 ) (-32 341.998810 -94.740189 ) (-32 390.005096 -118.888565 ) (-32 419.997620 -157.511917 ) (-32 424 -172.006561 ) (-32 424 -208 ) (-32 152 -208 ) (-32 152 -172.004837 ) (-32 156 -157.518555 ) (-32 186.002533 -118.883736 ) (-32 234 -94.740746 ) (-32 271.690491 -88 ) 
3 426 432 (-32 288.001404 -85.082855 ) (-32 304.312134 -88 ) (-32 271.690491 -88 ) 
4 426 430 (-32 424 -172.006561 ) (-32 427.855011 -185.967514 ) (-32 430.895874 -208 ) (-32 424 -208 ) 
4 427 605 (0 0 -208 ) (0 0 -80 ) (-16 0 -80 ) (-16 0 -208 ) 
4 428 608 (-443.200928 0 176 ) (-1024 0 176 ) (-1024 0 48 ) (-263.997925 0 48 ) 
4 428 447 (-1024 0 48 ) (-1024 0 176 ) (-1024 992 176 ) (-1024 992 48 ) 
4 428 446 (-1024 0 48 ) (-1024 992 48 ) (-888 992 48 ) (-888 0 48 ) 
4 428 444 (-592 0 48 ) (-880 0 48 ) (-880 144 48 ) (-592 144 48 ) 
4 428 441 (-592 144 48 ) (-888 144 48 ) (-888 432 48 ) (-592 432 48 ) 
4 428 440 (-584 424 48 ) (-584 152 48 ) (-592 152 48 ) (-592 424 48 ) 
4 428 438 (-880 992 48 ) (-592 992 48 ) (-592 432 48 ) (-880 432 48 ) 
4 428 436 (-304 0 48 ) (-584 0 48 ) (-584 144 48 ) (-304 144 48 ) 
4 428 435 (-584 144 48 ) (-584 152 48 ) (-304 152 48 ) (-304 144 48 ) 
4 428 434 (-263.998230 152 48 ) (-263.997925 0 48 ) (-304 0 48 ) (-304 152 48 ) 
4 428 432 (-263.998810 424 48 ) (-263.998230 152 48 ) (-584 152 48 ) (-584 424 48 ) 
4 428 431 (-296 424 48 ) (-584 424 48 ) (-584 432 48 ) (-296 432 48 ) 
4 428 430 (-263.998840 432 48 ) (-263.998810 424 48 ) (-296 424 48 ) (-296 432 48 ) 
4 428 429 (-584 992 48 ) (-264 992 48 ) (-263.998840 432 48 ) (-584 432 48 ) 
4 429 437 (-584 432 -208 ) (-584 432 -96 ) (-584 992 -96 ) (-584 992 -208 ) 
4 429 431 (-584 432 48 ) (-584 432 42.810394 ) (-296 432 -144 ) (-296 432 48 ) 
4 429 430 (-296 432 -208 ) (-32 432 -208 ) (-32 432 48 ) (-296 432 48 ) 
4 430 433 (-296 424 -208 ) (-32 424 -208 ) (-32 424 -88 ) (-296 424 -88 ) 
4 430 432 (-32 424 -88 ) (-32 424 48 ) (-296 424 48 ) (-296 424 -88 ) 
4 430 431 (-296 432 48 ) (-296 432 -144 ) (-296 424 -144 ) (-296 424 48 ) 
3 431 433 (-382.333557 424 -88 ) (-296 424 -144 ) (-296 424 -88 ) 
5 431 432 (-584 424 48 ) (-584 424 42.810394 ) (-382.333557 424 -88 ) (-296 424 -88 ) (-296 424 48 ) 
4 432 440 (-584 152 -88 ) (-584 152 48 ) (-584 424 48 ) (-584 424 -88 ) 
5 432 435 (-584 152 48 ) (-584 152 42.666786 ) (-388 152 -88 ) (-304 152 -88 ) (-304 152 48 ) 
4 432 434 (-304 152 -88 ) (-32 152 -88 ) (-32 152 48 ) (-304 152 48 ) 
4 432 433 (-32 152 -88 ) (-579.509949 152 -88 ) (-579.509949 424 -88 ) (-32 424 -88 ) 
3 433 435 (-304 152 -88 ) (-388 152 -88 ) (-304 152 -144 ) 
5 433 434 (-299.552979 152 -208 ) (-32 152 -208 ) (-32 152 -88 ) (-304 152 -88 ) (-304 152 -206.093842 ) 
4 434 612 (-32 0 -208 ) (-32 0 -96 ) (-304 0 -96 ) (-304 0 -208 ) 
4 434 609 (-32 0 -96 ) (-32 0 48 ) (-304 0 48 ) (-304 0 -96 ) 
4 434 436 (-304 144 -208 ) (-304 0 -208 ) (-304 0 48 ) (-304 144 48 ) 
4 434 435 (-304 152 48 ) (-304 152 -144 ) (-304 144 -144 ) (-304 144 48 ) 
4 435 436 (-584 144 48 ) (-584 144 42.666786 ) (-304 144 -144 ) (-304 144 48 ) 
4 436 612 (-304 0 -208 ) (-304 0 -96 ) (-584 0 -96 ) (-584 0 -208 ) 
4 436 609 (-304 0 -96 ) (-304 0 48 ) (-584 0 48 ) (-584 0 -96 ) 
4 436 443 (-584 0 -208 ) (-584 0 -96 ) (-584 144 -96 ) (-584 144 -208 ) 
4 437 439 (-592 992 -96 ) (-592 992 -208 ) (-592 432 -208 ) (-592 432 -96 ) 
5 438 442 (-592 432 -88 ) (-592 432 -48 ) (-880 432 -48 ) (-880 432 -50.593006 ) (-792 432 -88 ) 
4 438 441 (-592 432 -48 ) (-592 432 48 ) (-880 432 48 ) (-880 432 -48 ) 
4 440 442 (-592 152 -88 ) (-592 152 -48 ) (-592 424 -48 ) (-592 424 -88 ) 
4 440 441 (-592 152 -48 ) (-592 152 48 ) (-592 424 48 ) (-592 424 -48 ) 
4 441 446 (-888 144 48 ) (-888 432 48 ) (-888 432 -48 ) (-888 144 -48 ) 
4 441 444 (-880 144 -48 ) (-592 144 -48 ) (-592 144 48 ) (-880 144 48 ) 
4 441 442 (-886.099976 432 -48 ) (-592 432 -48 ) (-592 144 -48 ) (-886.099976 144 -48 ) 
5 442 444 (-792 144 -88 ) (-592 144 -88 ) (-592 144 -48 ) (-880 144 -48 ) (-880 144 -50.592979 ) 
4 443 612 (-584 0 -208 ) (-584 0 -96 ) (-592 0 -96 ) (-592 0 -208 ) 
4 443 445 (-592 144 -96 ) (-592 144 -208 ) (-592 0 -208 ) (-592 0 -96 ) 
4 444 611 (-592 0 -88 ) (-592 0 48 ) (-880 0 48 ) (-880 0 -88 ) 
4 445 612 (-592 0 -208 ) (-592 0 -96 ) (-880 0 -96 ) (-880 0 -208 ) 
4 446 613 (-888 0 -48 ) (-888 0 48 ) (-1024 0 48 ) (-1024 0 -48 ) 
4 446 447 (-1024 0 -48 ) (-1024 0 48 ) (-1024 992 48 ) (-1024 992 -48 ) 
4 447 614 (-1024 0 -48 ) (-1024 0 176 ) (-1464 0 176 ) (-1464 0 -48 ) 
4 448 456 (1016 0 296 ) (1016 0 112 ) (1016 -296 112 ) (1016 -296 296 ) 
4 448 454 (1016 -296 432 ) (1016 0 432 ) (1016 0 296 ) (1016 -296 296 ) 
4 448 450 (1016 -296 112 ) (1016 0 112 ) (1024 0 112 ) (1024 -296 112 ) 
4 448 449 (1024 -296 120 ) (1024 -296 432 ) (1016 -296 432 ) (1016 -296 120 ) 
4 449 456 (1016 -880 120 ) (1016 -880 296 ) (1016 -296 296 ) (1016 -296 120 ) 
4 449 454 (1016 -880 296 ) (1016 -880 432 ) (1016 -296 432 ) (1016 -296 296 ) 
4 449 451 (1016 -880 432 ) (1016 -880 288 ) (1024 -880 288 ) (1024 -880 432 ) 
4 450 468 (1024 -288 -72 ) (1024 -296 -72 ) (1016 -296 -72 ) (1016 -288 -72 ) 
4 450 466 (1024 -160 -72 ) (1024 -288 -72 ) (1016 -288 -72 ) (1016 -160 -72 ) 
4 450 464 (1016 0 -72 ) (1024 0 -72 ) (1024 -160 -72 ) (1016 -160 -72 ) 
4 450 457 (1016 0 -72 ) (1016 -296 -72 ) (1016 -296 -64 ) (1016 0 -64 ) 
4 450 456 (1016 -296 -64 ) (1016 -296 112 ) (1016 0 112 ) (1016 0 -64 ) 
4 451 497 (1024 -1024 288 ) (1024 -1024 432 ) (1016 -1024 432 ) (1016 -1024 288 ) 
4 451 456 (1016 -1024 288 ) (1016 -1024 296 ) (1016 -880 296 ) (1016 -880 288 ) 
4 451 455 (1016 -1024 296 ) (1016 -1024 432 ) (1016 -1008 432 ) (1016 -1008 296 ) 
4 451 454 (1016 -1008 432 ) (1016 -880 432 ) (1016 -880 296 ) (1016 -1008 296 ) 
4 452 456 (1016 -982 214 ) (1016 -940 214 ) (1016 -940 140 ) (1016 -982 140 ) 
4 453 456 (1016 -983 60 ) (1016 -941 60 ) (1016 -941 -12 ) (1016 -983 -12 ) 
4 454 606 (0 -568 296 ) (0 -1008 296 ) (0 -1008 432 ) (0 -568 432 ) 
4 454 604 (0 0 432 ) (0 0 296 ) (0 -568 296 ) (0 -568 432 ) 
4 454 463 (0 -1000 296 ) (0 0 296 ) (80 0 296 ) (80 -1000 296 ) 
4 454 456 (80 0 296 ) (1016 0 296 ) (1016 -1008 296 ) (80 -1008 296 ) 
4 454 455 (80 -1008 296 ) (1016 -1008 296 ) (1016 -1008 432 ) (80 -1008 432 ) 
4 455 518 (80 -1024 296 ) (264 -1024 296 ) (264 -1024 432 ) (80 -1024 432 ) 
4 455 514 (264 -1024 296 ) (272 -1024 296 ) (272 -1024 432 ) (264 -1024 432 ) 
4 455 501 (272 -1024 296 ) (1016 -1024 296 ) (1016 -1024 432 ) (272 -1024 432 ) 
4 455 456 (80 -1008 296 ) (1016 -1008 296 ) (1016 -1024 296 ) (80 -1024 296 ) 
4 456 519 (80 -1024 272 ) (80 -1024 -64 ) (264 -1024 -64 ) (264 -1024 272 ) 
4 456 518 (264 -1024 296 ) (80 -1024 296 ) (80 -1024 272 ) (264 -1024 272 ) 
4 456 514 (272 -1024 296 ) (264 -1024 296 ) (264 -1024 -64 ) (272 -1024 -64 ) 
4 456 501 (1016 -1024 -64 ) (1016 -1024 296 ) (272 -1024 296 ) (272 -1024 -64 ) 
4 456 463 (80 -1000 296 ) (80 0 296 ) (80 0 -64 ) (80 -1000 -64 ) 
4 456 461 (240 0 -64 ) (248 0 -64 ) (248 -624 -64 ) (240 -624 -64 ) 
4 456 462 (88 0 -64 ) (240 0 -64 ) (240 -1024 -64 ) (88 -1024 -64 ) 
4 456 459 (648 -304 -64 ) (648 -1024 -64 ) (640 -1024 -64 ) (640 -304 -64 ) 
4 456 460 (248 0 -64 ) (640 0 -64 ) (640 -1024 -64 ) (248 -1024 -64 ) 
4 456 457 (648 0 -64 ) (1016 0 -64 ) (1016 -296 -64 ) (648 -296 -64 ) 
4 456 458 (1016 -304 -64 ) (1016 -1024 -64 ) (648 -1024 -64 ) (648 -304 -64 ) 
4 457 468 (1016 -288 -72 ) (1016 -296 -72 ) (648 -296 -72 ) (648 -288 -72 ) 
4 457 466 (1016 -160 -72 ) (1016 -288 -72 ) (648 -288 -72 ) (648 -160 -72 ) 
4 457 464 (648 0 -72 ) (1016 0 -72 ) (1016 -160 -72 ) (648 -160 -72 ) 
4 458 501 (648 -1024 -72 ) (1016 -1024 -72 ) (1016 -1024 -64 ) (648 -1024 -64 ) 
4 458 476 (888 -1024 -72 ) (648 -1024 -72 ) (648 -624 -72 ) (888 -624 -72 ) 
4 458 475 (1008 -1024 -72 ) (888 -1024 -72 ) (888 -576 -72 ) (1008 -576 -72 ) 
4 458 474 (1016 -896 -72 ) (1016 -1024 -72 ) (1008 -1024 -72 ) (1008 -896 -72 ) 
4 458 459 (648 -304 -72 ) (648 -1024 -72 ) (648 -1024 -64 ) (648 -304 -64 ) 
4 459 501 (640 -1024 -72 ) (648 -1024 -72 ) (648 -1024 -64 ) (640 -1024 -64 ) 
4 459 476 (648 -624 -72 ) (648 -1024 -72 ) (640 -1024 -72 ) (640 -624 -72 ) 
4 459 460 (640 -304 -72 ) (640 -1024 -72 ) (640 -1024 -64 ) (640 -304 -64 ) 
4 460 520 (248 -1024 -72 ) (264 -1024 -72 ) (264 -1024 -64 ) (248 -1024 -64 ) 
4 460 514 (264 -1024 -72 ) (272 -1024 -72 ) (272 -1024 -64 ) (264 -1024 -64 ) 
4 460 501 (272 -1024 -72 ) (640 -1024 -72 ) (640 -1024 -64 ) (272 -1024 -64 ) 
4 460 490 (352 -624 -72 ) (352 -1024 -72 ) (248 -1024 -72 ) (248 -624 -72 ) 
4 460 476 (640 -624 -72 ) (640 -1024 -72 ) (352 -1024 -72 ) (352 -624 -72 ) 
4 460 461 (248 0 -72 ) (248 -624 -72 ) (248 -624 -64 ) (248 0 -64 ) 
4 461 462 (240 0 -72 ) (240 -624 -72 ) (240 -624 -64 ) (240 0 -64 ) 
4 462 522 (88 -1024 -72 ) (240 -1024 -72 ) (240 -1024 -64 ) (88 -1024 -64 ) 
4 463 607 (0 -568 -72 ) (0 -1000 -72 ) (0 -1000 296 ) (0 -568 296 ) 
4 463 604 (0 0 296 ) (0 0 -72 ) (0 -568 -72 ) (0 -568 296 ) 
4 464 470 (648 -160 -180 ) (648 -160 -108 ) (648 -130 -108 ) (648 -130 -180 ) 
4 464 466 (648 -160 -72 ) (648 -160 -200 ) (1024 -160 -200 ) (1024 -160 -72 ) 
4 465 471 (648 -160 -216 ) (648 -160 -212 ) (648 0 -212 ) (648 0 -216 ) 
4 465 467 (648 -160 -212 ) (648 -160 -216 ) (1024 -160 -216 ) (1024 -160 -212 ) 
4 466 470 (648 -160 -108 ) (648 -160 -180 ) (648 -174 -180 ) (648 -174 -108 ) 
4 466 468 (648 -288 -72 ) (648 -288 -200 ) (1024 -288 -200 ) (1024 -288 -72 ) 
4 467 471 (648 -288 -216 ) (648 -288 -208 ) (648 -160 -208 ) (648 -160 -216 ) 
4 467 469 (648 -288 -210 ) (648 -288 -216 ) (1024 -288 -216 ) (1024 -288 -210 ) 
4 469 471 (648 -296 -216 ) (648 -296 -210 ) (648 -288 -210 ) (648 -288 -216 ) 
4 470 472 (640 -130 -108 ) (640 -130 -180 ) (640 -174 -180 ) (640 -174 -108 ) 
4 472 485 (352 -120 -100 ) (352 -120 -208 ) (352 -168 -208 ) (352 -168 -100 ) 
4 473 474 (1016 -941 -172 ) (1016 -983 -172 ) (1016 -983 -98 ) (1016 -941 -98 ) 
4 474 501 (1016 -1024 -207 ) (1016 -1024 -72 ) (1008 -1024 -72 ) (1008 -1024 -207 ) 
4 474 477 (1008 -896 -207 ) (1008 -1024 -207 ) (1008 -1024 -80 ) (1008 -896 -80 ) 
4 474 475 (1008 -1024 -80 ) (1008 -1024 -72 ) (1008 -896 -72 ) (1008 -896 -80 ) 
4 475 501 (1008 -1024 -72 ) (888 -1024 -72 ) (888 -1024 -80 ) (1008 -1024 -80 ) 
4 475 479 (992 -888 -80 ) (992 -896 -80 ) (944 -896 -80 ) (944 -888 -80 ) 
4 475 478 (944 -576 -80 ) (992 -576 -80 ) (992 -888 -80 ) (944 -888 -80 ) 
4 475 480 (992 -896 -80 ) (992 -1024 -80 ) (944 -1024 -80 ) (944 -896 -80 ) 
4 475 477 (992 -576 -80 ) (1008 -576 -80 ) (1008 -1024 -80 ) (992 -1024 -80 ) 
4 475 481 (888 -576 -80 ) (944 -576 -80 ) (944 -1024 -80 ) (888 -1024 -80 ) 
4 475 476 (888 -624 -80 ) (888 -1024 -80 ) (888 -1024 -72 ) (888 -624 -72 ) 
4 476 501 (888 -1024 -72 ) (352 -1024 -72 ) (352 -1024 -80 ) (888 -1024 -80 ) 
4 476 490 (352 -1024 -80 ) (352 -1024 -72 ) (352 -624 -72 ) (352 -624 -80 ) 
4 476 481 (352 -1024 -80 ) (352 -624 -80 ) (888 -624 -80 ) (888 -1024 -80 ) 
4 477 501 (992 -1024 -207 ) (1008 -1024 -207 ) (1008 -1024 -80 ) (992 -1024 -80 ) 
4 477 482 (992 -304 -207 ) (1008 -304 -207 ) (1008 -888 -207 ) (992 -888 -207 ) 
4 477 479 (992 -896 -88 ) (992 -896 -80 ) (992 -888 -80 ) (992 -888 -88 ) 
4 477 478 (992 -304 -207 ) (992 -888 -207 ) (992 -888 -80 ) (992 -304 -80 ) 
4 477 480 (992 -896 -207 ) (992 -1024 -207 ) (992 -1024 -80 ) (992 -896 -80 ) 
4 478 482 (944 -304 -207 ) (992 -304 -207 ) (992 -888 -207 ) (944 -888 -207 ) 
4 478 479 (944 -888 -80 ) (944 -888 -88 ) (992 -888 -88 ) (992 -888 -80 ) 
4 478 481 (944 -304 -207 ) (944 -888 -207 ) (944 -888 -80 ) (944 -304 -80 ) 
4 479 481 (944 -896 -88 ) (944 -896 -80 ) (944 -888 -80 ) (944 -888 -88 ) 
4 479 480 (944 -896 -80 ) (944 -896 -88 ) (992 -896 -88 ) (992 -896 -80 ) 
4 480 501 (944 -1024 -207 ) (992 -1024 -207 ) (992 -1024 -80 ) (944 -1024 -80 ) 
4 480 481 (944 -896 -207 ) (944 -1024 -207 ) (944 -1024 -80 ) (944 -896 -80 ) 
4 481 501 (352 -1024 -80 ) (352 -1024 -207 ) (944 -1024 -207 ) (944 -1024 -80 ) 
4 481 491 (352 -1024 -207 ) (352 -1024 -80 ) (352 -576 -80 ) (352 -576 -207 ) 
4 481 482 (774.921021 -304 -207 ) (944 -304 -207 ) (944 -888 -207 ) (771.739136 -888 -207 ) 
4 482 484 (774.921021 -304 -215 ) (1008 -304 -215 ) (1008 -888 -215 ) (771.739075 -888 -215 ) 
4 483 581 (1016 -1024 -216 ) (1016 -1024 -215 ) (1008 -1024 -215 ) (1008 -1024 -216 ) 
4 483 484 (1008 -1024 -215 ) (1008 -896 -215 ) (1008 -896 -216 ) (1008 -1024 -216 ) 
4 484 581 (1008 -1024 -215 ) (352 -1024 -215 ) (352 -1024 -216 ) (1008 -1024 -216 ) 
4 484 492 (352 -1024 -216 ) (352 -1024 -215 ) (352 -576 -215 ) (352 -576 -216 ) 
4 484 489 (352 -576 -215 ) (352 -568 -215 ) (352 -568 -216 ) (352 -576 -216 ) 
4 485 486 (349 -168 -208 ) (349 -168 -100 ) (349 -120 -100 ) (349 -120 -208 ) 
4 486 487 (347 -168 -208 ) (347 -168 -100 ) (347 -120 -100 ) (347 -120 -208 ) 
4 487 488 (344 -120 -100 ) (344 -120 -208 ) (344 -168 -208 ) (344 -168 -100 ) 
4 488 605 (0 0 -80 ) (0 0 -208 ) (0 -568 -208 ) (0 -568 -80 ) 
4 488 496 (88 -568 -208 ) (240 -568 -208 ) (240 -568 -80 ) (88 -568 -80 ) 
4 489 495 (240 -576 -208 ) (240 -576 -216 ) (248 -576 -216 ) (248 -576 -208 ) 
4 489 492 (260 -576 -216 ) (352 -576 -216 ) (352 -576 -215 ) (260 -576 -215 ) 
4 489 493 (248 -576 -216 ) (260 -576 -216 ) (260 -576 -208 ) (248 -576 -208 ) 
4 490 530 (264 -1024 -72 ) (260 -1024 -72 ) (260 -1024 -80 ) (264 -1024 -80 ) 
4 490 531 (260 -1024 -72 ) (248 -1024 -72 ) (248 -1024 -80 ) (260 -1024 -80 ) 
4 490 514 (272 -1024 -72 ) (264 -1024 -72 ) (264 -1024 -80 ) (272 -1024 -80 ) 
4 490 501 (352 -1024 -80 ) (352 -1024 -72 ) (272 -1024 -72 ) (272 -1024 -80 ) 
4 490 491 (260 -624 -80 ) (352 -624 -80 ) (352 -1024 -80 ) (260 -1024 -80 ) 
4 490 493 (248 -1024 -80 ) (248 -624 -80 ) (260 -624 -80 ) (260 -1024 -80 ) 
4 491 530 (264 -1024 -80 ) (260 -1024 -80 ) (260 -1024 -207 ) (264 -1024 -207 ) 
4 491 514 (272 -1024 -80 ) (264 -1024 -80 ) (264 -1024 -207 ) (272 -1024 -207 ) 
4 491 501 (352 -1024 -207 ) (352 -1024 -80 ) (272 -1024 -80 ) (272 -1024 -207 ) 
4 491 493 (260 -1024 -207 ) (260 -1024 -80 ) (260 -576 -80 ) (260 -576 -207 ) 
4 492 595 (272 -1024 -215 ) (260 -1024 -215 ) (260 -1024 -216 ) (272 -1024 -216 ) 
4 492 581 (352 -1024 -216 ) (352 -1024 -215 ) (272 -1024 -215 ) (272 -1024 -216 ) 
4 492 493 (260 -576 -216 ) (260 -1024 -216 ) (260 -1024 -215 ) (260 -576 -215 ) 
4 493 596 (248 -1024 -210 ) (248 -1024 -216 ) (256 -1024 -216 ) (256 -1024 -210 ) 
4 493 595 (256 -1024 -216 ) (260 -1024 -216 ) (260 -1024 -215 ) (256 -1024 -215 ) 
4 493 594 (260 -1024 -215 ) (260 -1024 -210 ) (256 -1024 -210 ) (256 -1024 -215 ) 
4 493 571 (248 -1024 -209 ) (248 -1024 -210 ) (256 -1024 -210 ) (256 -1024 -209 ) 
4 493 570 (256 -1024 -210 ) (260 -1024 -210 ) (260 -1024 -209 ) (256 -1024 -209 ) 
4 493 531 (260 -1024 -80 ) (248 -1024 -80 ) (248 -1024 -209 ) (260 -1024 -209 ) 
4 493 495 (248 -576 -208 ) (248 -576 -216 ) (248 -1024 -216 ) (248 -1024 -208 ) 
4 493 494 (248 -656 -184 ) (248 -1024 -184 ) (248 -1024 -96 ) (248 -656 -96 ) 
4 494 532 (248 -1024 -184 ) (248 -1024 -96 ) (240 -1024 -96 ) (240 -1024 -184 ) 
4 494 496 (240 -1024 -184 ) (240 -1024 -96 ) (240 -656 -96 ) (240 -656 -184 ) 
4 495 596 (248 -1024 -216 ) (248 -1024 -210 ) (240 -1024 -210 ) (240 -1024 -216 ) 
4 495 571 (248 -1024 -210 ) (248 -1024 -209 ) (240 -1024 -209 ) (240 -1024 -210 ) 
4 495 533 (248 -1024 -209 ) (248 -1024 -208 ) (240 -1024 -208 ) (240 -1024 -209 ) 
4 496 534 (240 -1024 -208 ) (240 -1024 -80 ) (88 -1024 -80 ) (88 -1024 -208 ) 
4 497 503 (1024 -1168 288 ) (1024 -1168 432 ) (1016 -1168 432 ) (1016 -1168 288 ) 
4 497 501 (1016 -1168 288 ) (1016 -1168 432 ) (1016 -1024 432 ) (1016 -1024 288 ) 
4 498 501 (1016 -1110 214 ) (1016 -1068 214 ) (1016 -1068 140 ) (1016 -1110 140 ) 
4 499 501 (1016 -1111 60 ) (1016 -1068 60 ) (1016 -1068 -12 ) (1016 -1111 -12 ) 
4 500 501 (1016 -1111 -98 ) (1016 -1068 -98 ) (1016 -1068 -172 ) (1016 -1111 -172 ) 
4 501 514 (272 -1168 -207 ) (272 -1168 432 ) (272 -1024 432 ) (272 -1024 -207 ) 
4 501 503 (272 -1168 432 ) (272 -1168 -207 ) (1016 -1168 -207 ) (1016 -1168 432 ) 
4 501 502 (771.083008 -1168 -207 ) (770.306885 -1168 -207 ) (771.068726 -1024 -207 ) (771.083008 -1024 -207 ) 
4 502 561 (771.068726 -1024 -209 ) (771.083008 -1024 -209 ) (771.083008 -1168 -209 ) (770.306885 -1168 -209 ) 
4 503 516 (272 -1672 -64 ) (272 -1672 432 ) (272 -1368 432 ) (272 -1368 -64 ) 
4 503 515 (272 -1368 432 ) (272 -1360 432 ) (272 -1360 -64 ) (272 -1368 -64 ) 
4 503 514 (272 -1360 432 ) (272 -1168 432 ) (272 -1168 -207 ) (272 -1360 -207 ) 
4 503 505 (272 -1672 432 ) (272 -1672 -64 ) (1024 -1672 -64 ) (1024 -1672 432 ) 
4 503 504 (1024 -1672 -207 ) (767.703125 -1672 -207 ) (769.037048 -1408 -207 ) (1024 -1408 -207 ) 
4 504 566 (769.037048 -1408 -209 ) (816 -1408 -209 ) (816 -1672 -209 ) (767.703125 -1672 -209 ) 
4 504 564 (960 -1481 -209 ) (960 -1648 -209 ) (816 -1648 -209 ) (816 -1481 -209 ) 
4 504 563 (816 -1408 -209 ) (960 -1408 -209 ) (960 -1481 -209 ) (816 -1481 -209 ) 
4 504 565 (960 -1648 -209 ) (960 -1672 -209 ) (816 -1672 -209 ) (816 -1648 -209 ) 
4 504 562 (960 -1408 -209 ) (1024 -1408 -209 ) (1024 -1672 -209 ) (960 -1672 -209 ) 
4 505 516 (272 -1688 -64 ) (272 -1688 432 ) (272 -1672 432 ) (272 -1672 -64 ) 
4 505 512 (272 -1688 432 ) (272 -1688 -64 ) (592 -1688 -64 ) (592 -1688 432 ) 
4 505 510 (592 -1688 -64 ) (600 -1688 -64 ) (600 -1688 432 ) (592 -1688 432 ) 
4 505 506 (600 -1688 -64 ) (1024 -1688 -64 ) (1024 -1688 432 ) (600 -1688 432 ) 
4 506 678 (728 -2048 -72 ) (600 -2048 -72 ) (600 -2048 -200 ) (728 -2048 -200 ) 
4 506 677 (1024 -2048 -200 ) (1024 -2048 -72 ) (728 -2048 -72 ) (728 -2048 -200 ) 
4 506 670 (1024 -2048 -72 ) (1024 -2048 -56 ) (600 -2048 -56 ) (600 -2048 -72 ) 
4 506 669 (1024 -2048 -56 ) (1024 -2048 432 ) (600 -2048 432 ) (600 -2048 -56 ) 
3 506 511 (600 -1688 -92 ) (600 -1688 -200 ) (600 -1904 -200 ) 
5 506 510 (600 -1688 432 ) (600 -1688 -92 ) (600 -1904 -200 ) (600 -2048 -200 ) (600 -2048 432 ) 
4 506 508 (1024 -2048 -200 ) (728 -2048 -200 ) (728 -1816 -200 ) (1024 -1816 -200 ) 
4 507 567 (728 -1816 -209 ) (728 -1688 -209 ) (1024 -1688 -209 ) (1024 -1816 -209 ) 
4 507 509 (728 -1688 -208 ) (728 -1688 -209 ) (728 -1816 -209 ) (728 -1816 -208 ) 
4 507 508 (728 -1816 -208 ) (728 -1816 -209 ) (1024 -1816 -209 ) (1024 -1816 -208 ) 
4 508 677 (1024 -2048 -209 ) (1024 -2048 -200 ) (728 -2048 -200 ) (728 -2048 -209 ) 
4 508 567 (1024 -2048 -209 ) (728 -2048 -209 ) (728 -1816 -209 ) (1024 -1816 -209 ) 
4 508 509 (728 -1816 -208 ) (728 -1816 -209 ) (728 -2048 -209 ) (728 -2048 -208 ) 
4 509 679 (600 -2048 -208 ) (600 -2048 -209 ) (728 -2048 -209 ) (728 -2048 -208 ) 
4 509 567 (728 -2048 -209 ) (600 -2048 -209 ) (600 -1688 -209 ) (728 -1688 -209 ) 
4 510 689 (592 -2048 -209 ) (598 -2048 -209 ) (600 -2048 -208 ) (592 -2048 -208 ) 
4 510 688 (600 -2048 -208 ) (600 -2048 -120 ) (592 -2048 -120 ) (592 -2048 -208 ) 
4 510 683 (600 -2048 -120 ) (600 -2048 -72 ) (592 -2048 -72 ) (592 -2048 -120 ) 
4 510 671 (600 -2048 -72 ) (600 -2048 -56 ) (592 -2048 -56 ) (592 -2048 -72 ) 
4 510 669 (600 -2048 -56 ) (600 -2048 432 ) (592 -2048 432 ) (592 -2048 -56 ) 
4 510 568 (598 -2048 -209 ) (592 -2048 -209 ) (592 -1922 -209 ) (598 -1922 -209 ) 
4 510 513 (592 -1920 -208 ) (592 -1923.250000 -209 ) (592 -2048 -209 ) (592 -2048 -208 ) 
5 510 512 (592 -2048 432 ) (592 -1688 432 ) (592 -1688 -92 ) (592 -1920 -208 ) (592 -2048 -208 ) 
4 510 511 (592 -1920 -208 ) (592 -1688 -92 ) (600 -1688 -92 ) (600 -1920 -208 ) 
3 511 512 (592 -1688 -92 ) (592 -1688 -208 ) (592 -1920 -208 ) 
4 512 690 (272 -2048 -120 ) (272 -2048 -208 ) (592 -2048 -208 ) (592 -2048 -120 ) 
4 512 684 (272 -2048 -72 ) (272 -2048 -120 ) (280 -2048 -120 ) (280 -2048 -72 ) 
4 512 683 (280 -2048 -120 ) (592 -2048 -120 ) (592 -2048 -72 ) (280 -2048 -72 ) 
4 512 675 (272 -2048 -64 ) (272 -2048 -72 ) (592 -2048 -72 ) (592 -2048 -64 ) 
4 512 674 (272 -2048 30.399994 ) (272 -2048 -64 ) (592 -2048 -64 ) (592 -2048 30.399986 ) 
4 512 672 (272 -2048 432 ) (272 -2048 30.399994 ) (592 -2048 30.399986 ) (592 -2048 432 ) 
4 512 517 (272 -2048 -174 ) (272 -2048 -123 ) (272 -1955 -123 ) (272 -1955 -174 ) 
4 512 516 (272 -2048 -64 ) (272 -2048 432 ) (272 -1688 432 ) (272 -1688 -64 ) 
4 512 513 (272 -2048 -208 ) (272 -1920 -208 ) (592 -1920 -208 ) (592 -2048 -208 ) 
4 513 690 (272 -2048 -208 ) (272 -2048 -209 ) (592 -2048 -209 ) (592 -2048 -208 ) 
4 513 569 (592 -2048 -209 ) (272 -2048 -209 ) (272 -1923.250000 -209 ) (592 -1923.250000 -209 ) 
4 514 530 (264 -1024 -72 ) (264 -1024 -207 ) (264 -1360 -207 ) (264 -1360 -72 ) 
4 514 520 (264 -1024 -64 ) (264 -1024 -72 ) (264 -1360 -72 ) (264 -1360 -64 ) 
4 514 519 (264 -1024 272 ) (264 -1024 -64 ) (264 -1360 -64 ) (264 -1360 272 ) 
4 514 518 (264 -1024 432 ) (264 -1024 272 ) (264 -1360 272 ) (264 -1360 432 ) 
4 514 515 (264 -1360 432 ) (264 -1360 -64 ) (272 -1360 -64 ) (272 -1360 432 ) 
4 515 519 (264 -1368 -64 ) (264 -1368 272 ) (264 -1360 272 ) (264 -1360 -64 ) 
4 515 518 (264 -1368 272 ) (264 -1368 432 ) (264 -1360 432 ) (264 -1360 272 ) 
4 515 516 (264 -1368 432 ) (264 -1368 -64 ) (272 -1368 -64 ) (272 -1368 432 ) 
4 516 674 (264 -2048 30.399933 ) (264 -2048 -64 ) (272 -2048 -64 ) (272 -2048 30.399948 ) 
4 516 672 (264 -2048 432 ) (264 -2048 30.399933 ) (272 -2048 30.399948 ) (272 -2048 432 ) 
4 516 519 (264 -2048 -64 ) (264 -2048 272 ) (264 -1368 272 ) (264 -1368 -64 ) 
4 516 518 (264 -2048 272 ) (264 -2048 432 ) (264 -1368 432 ) (264 -1368 272 ) 
4 517 692 (264 -2048 -123 ) (264 -2048 -174 ) (272 -2048 -174 ) (272 -2048 -123 ) 
4 517 556 (264 -2048 -174 ) (264 -2048 -123 ) (264 -1955 -123 ) (264 -1955 -174 ) 
4 518 672 (80 -2048 272 ) (264 -2048 272 ) (264 -2048 432 ) (80 -2048 432 ) 
4 518 519 (80 -1024 272 ) (264 -1024 272 ) (264 -2048 272 ) (80 -2048 272 ) 
4 519 674 (264 -2048 -64 ) (264 -2048 30.399933 ) (80 -2048 30.399948 ) (80 -2048 -64 ) 
4 519 672 (264 -2048 30.399933 ) (264 -2048 272 ) (80 -2048 272 ) (80 -2048 30.399948 ) 
4 519 522 (88 -1024 -64 ) (240 -1024 -64 ) (240 -2048 -64 ) (88 -2048 -64 ) 
4 519 521 (264 -1368 -64 ) (264 -2048 -64 ) (240 -2048 -64 ) (240 -1368 -64 ) 
4 519 520 (248 -1024 -64 ) (264 -1024 -64 ) (264 -1360 -64 ) (248 -1360 -64 ) 
4 520 530 (264 -1024 -72 ) (264 -1360 -72 ) (260 -1360 -72 ) (260 -1024 -72 ) 
4 520 531 (260 -1360 -72 ) (248 -1360 -72 ) (248 -1024 -72 ) (260 -1024 -72 ) 
4 521 676 (240 -2048 -72 ) (264 -2048 -72 ) (264 -2048 -64 ) (240 -2048 -64 ) 
4 521 522 (240 -1368 -72 ) (240 -2048 -72 ) (240 -2048 -64 ) (240 -1368 -64 ) 
4 522 676 (88 -2048 -72 ) (240 -2048 -72 ) (240 -2048 -64 ) (88 -2048 -64 ) 
4 523 536 (72 -1048 -72 ) (64 -1048 -72 ) (64 -1040 -72 ) (72 -1040 -72 ) 
4 523 526 (64 -1040 -72 ) (64 -1048 -72 ) (64 -1048 272 ) (64 -1040 272 ) 
4 523 525 (64 -1048 264 ) (64 -1048 -72 ) (65 -1048 -72 ) (65 -1048 264 ) 
4 523 524 (64 -1048 272 ) (64 -1048 264 ) (65 -1048 264 ) (65 -1048 272 ) 
4 524 527 (64 -1448 264 ) (64 -1448 272 ) (64 -1048 272 ) (64 -1048 264 ) 
4 524 525 (64 -1048 264 ) (65 -1048 264 ) (65 -1448 264 ) (64 -1448 264 ) 
4 525 549 (65 -1448 -72 ) (64 -1448 -72 ) (64 -1360 -72 ) (65 -1360 -72 ) 
4 525 538 (64 -1082.670166 -72 ) (64 -1048 -72 ) (65 -1048 -72 ) (65 -1082.670166 -72 ) 
4 525 540 (64 -1360 -72 ) (64 -1082.670166 -72 ) (65 -1082.670166 -72 ) (65 -1360 -72 ) 
4 525 528 (64 -1048 -72 ) (64 -1448 -72 ) (64 -1448 264 ) (64 -1048 264 ) 
4 526 616 (0 -1040 264 ) (0 -1040 -72 ) (0 -1048 -72 ) (0 -1048 264 ) 
4 526 615 (0 -1048 272 ) (0 -1040 272 ) (0 -1040 264 ) (0 -1048 264 ) 
4 526 536 (0 -1048 -72 ) (0 -1040 -72 ) (64 -1040 -72 ) (64 -1048 -72 ) 
4 526 528 (0 -1048 -72 ) (64 -1048 -72 ) (64 -1048 264 ) (0 -1048 264 ) 
4 526 527 (64 -1048 264 ) (64 -1048 272 ) (0 -1048 272 ) (0 -1048 264 ) 
4 527 615 (0 -1952 272 ) (0 -1048 272 ) (0 -1048 264 ) (0 -1952 264 ) 
4 527 619 (0 -1960 272 ) (0 -1952 272 ) (0 -1952 264 ) (0 -1960 264 ) 
4 527 529 (64 -1952 264 ) (64 -1960 264 ) (0 -1960 264 ) (0 -1952 264 ) 
4 527 528 (0 -1048 264 ) (64 -1048 264 ) (64 -1952 264 ) (0 -1952 264 ) 
4 528 617 (0 -1048 264 ) (0 -1048 -72 ) (0 -1952 -72 ) (0 -1952 264 ) 
4 528 558 (0 -1952 -72 ) (0 -1632 -72 ) (64 -1632 -72 ) (64 -1952 -72 ) 
4 528 555 (0 -1632 -72 ) (0 -1368 -72 ) (64 -1368 -72 ) (64 -1632 -72 ) 
4 528 554 (0 -1368 -72 ) (0 -1360 -72 ) (64 -1360 -72 ) (64 -1368 -72 ) 
4 528 538 (0 -1082.670166 -72 ) (0 -1048 -72 ) (64 -1048 -72 ) (64 -1082.670166 -72 ) 
4 528 540 (0 -1360 -72 ) (0 -1082.670166 -72 ) (64 -1082.670166 -72 ) (64 -1360 -72 ) 
4 528 529 (0 -1952 -72 ) (64 -1952 -72 ) (64 -1952 264 ) (0 -1952 264 ) 
4 529 619 (0 -1952 -72 ) (0 -1960 -72 ) (0 -1960 264 ) (0 -1952 264 ) 
4 529 559 (0 -1960 -72 ) (0 -1952 -72 ) (64 -1952 -72 ) (64 -1960 -72 ) 
4 530 531 (260 -1360 -207 ) (260 -1360 -72 ) (260 -1024 -72 ) (260 -1024 -207 ) 
4 531 571 (248 -1024 -209 ) (256 -1024 -209 ) (256 -1360 -209 ) (248 -1360 -209 ) 
4 531 570 (256 -1024 -209 ) (260 -1024 -209 ) (260 -1360 -209 ) (256 -1360 -209 ) 
4 531 533 (248 -1024 -209 ) (248 -1360 -209 ) (248 -1360 -208 ) (248 -1024 -208 ) 
4 531 532 (248 -1024 -96 ) (248 -1024 -184 ) (248 -1296 -184 ) (248 -1296 -96 ) 
4 532 534 (240 -1024 -96 ) (240 -1024 -184 ) (240 -1296 -184 ) (240 -1296 -96 ) 
4 533 571 (240 -1024 -209 ) (248 -1024 -209 ) (248 -1360 -209 ) (240 -1360 -209 ) 
4 534 543 (140 -1360 -100 ) (140 -1360 -208 ) (188 -1360 -208 ) (188 -1360 -100 ) 
4 535 572 (72 -1040 -209 ) (80 -1040 -209 ) (80 -1048 -209 ) (72 -1048 -209 ) 
4 535 537 (73 -1048 -209 ) (80 -1048 -209 ) (80 -1048 -80 ) (73 -1048 -80 ) 
4 535 536 (72 -1040 -80 ) (72 -1040 -209 ) (72 -1048 -209 ) (72 -1048 -80 ) 
4 536 620 (0 -1040 -193.923019 ) (0 -1040 -209 ) (0 -1048 -209 ) (0 -1048 -193.923019 ) 
4 536 616 (0 -1048 -72 ) (0 -1040 -72 ) (0 -1040 -193.923019 ) (0 -1048 -193.923019 ) 
4 536 573 (0 -1048 -209 ) (0 -1040 -209 ) (72 -1040 -209 ) (72 -1048 -209 ) 
4 536 538 (65 -1048 -197.923019 ) (65 -1048 -72 ) (0 -1048 -72 ) (0 -1048 -197.923019 ) 
4 536 539 (0 -1048 -209 ) (65 -1048 -209 ) (65 -1048 -205.923019 ) (0 -1048 -205.923019 ) 
4 537 574 (73 -1048 -209 ) (80 -1048 -209 ) (80 -1360 -209 ) (73 -1360 -209 ) 
4 538 622 (0 -1048 -193.923019 ) (0 -1048 -197.923019 ) (0 -1082.670166 -197.923019 ) (0 -1082.670166 -193.923019 ) 
4 538 617 (0 -1082.670166 -72 ) (0 -1048 -72 ) (0 -1048 -193.923019 ) (0 -1082.670166 -193.923019 ) 
4 538 540 (65 -1082.670166 -197.923019 ) (65 -1082.670166 -72 ) (0 -1082.670166 -72 ) (0 -1082.670166 -197.923019 ) 
4 539 627 (0 -1048 -205.923019 ) (0 -1048 -209 ) (0 -1082.670166 -209 ) (0 -1082.670166 -205.923019 ) 
4 539 576 (0 -1082.670166 -209 ) (0 -1048 -209 ) (64 -1048 -209 ) (64 -1082.670166 -209 ) 
4 539 575 (64 -1048 -209 ) (65 -1048 -209 ) (65 -1082.670166 -209 ) (64 -1082.670166 -209 ) 
4 539 540 (0 -1082.670166 -209 ) (65 -1082.670166 -209 ) (65 -1082.670166 -205.923019 ) (0 -1082.670166 -205.923019 ) 
4 540 629 (0 -1082.670166 -201.923019 ) (0 -1082.670166 -209 ) (0 -1360 -209 ) (0 -1360 -201.923019 ) 
4 540 623 (0 -1082.670166 -193.923019 ) (0 -1082.670166 -201.923019 ) (0 -1360 -201.923019 ) (0 -1360 -193.923019 ) 
4 540 617 (0 -1360 -72 ) (0 -1082.670166 -72 ) (0 -1082.670166 -193.923019 ) (0 -1360 -193.923019 ) 
4 540 576 (0 -1360 -209 ) (0 -1082.670166 -209 ) (64 -1082.670166 -209 ) (64 -1360 -209 ) 
4 540 575 (64 -1082.670166 -209 ) (65 -1082.670166 -209 ) (65 -1360 -209 ) (64 -1360 -209 ) 
4 540 554 (0 -1360 -209 ) (64 -1360 -209 ) (64 -1360 -72 ) (0 -1360 -72 ) 
4 540 549 (65 -1360 -208 ) (65 -1360 -72 ) (64 -1360 -72 ) (64 -1360 -208 ) 
4 541 545 (188 -1368 -208 ) (188 -1624 -208 ) (188 -1624 -100 ) (188 -1368 -100 ) 
4 541 542 (188 -1624 -100 ) (188 -1624 -88 ) (188 -1368 -88 ) (188 -1368 -100 ) 
4 542 548 (140 -1368 -100 ) (140 -1624 -100 ) (140 -1624 -88 ) (140 -1368 -88 ) 
4 542 545 (140 -1624 -100 ) (140 -1368 -100 ) (188 -1368 -100 ) (188 -1624 -100 ) 
4 543 544 (140 -1363 -208 ) (188 -1363 -208 ) (188 -1363 -100 ) (140 -1363 -100 ) 
4 544 545 (140 -1365 -208 ) (188 -1365 -208 ) (188 -1365 -100 ) (140 -1365 -100 ) 
4 545 548 (140 -1368 -208 ) (140 -1624 -208 ) (140 -1624 -100 ) (140 -1368 -100 ) 
4 545 546 (140 -1627 -208 ) (188 -1627 -208 ) (188 -1627 -100 ) (140 -1627 -100 ) 
4 546 547 (140 -1629 -208 ) (188 -1629 -208 ) (188 -1629 -100 ) (140 -1629 -100 ) 
4 547 557 (188 -1632 -208 ) (188 -1632 -100 ) (140 -1632 -100 ) (140 -1632 -208 ) 
4 548 551 (73 -1544 -160 ) (73 -1544 -112 ) (73 -1448 -112 ) (73 -1448 -160 ) 
4 549 555 (64 -1368 -208 ) (64 -1448 -208 ) (64 -1448 -72 ) (64 -1368 -72 ) 
4 549 554 (64 -1360 -72 ) (64 -1360 -208 ) (64 -1368 -208 ) (64 -1368 -72 ) 
4 549 553 (64 -1448 -112 ) (64 -1448 -160 ) (65 -1448 -160 ) (65 -1448 -112 ) 
4 550 552 (69 -1544 -112.186996 ) (65 -1544 -112.186996 ) (65 -1448 -112.186996 ) (69 -1448 -112.186996 ) 
4 550 551 (73 -1544 -112.186996 ) (69 -1544 -112.186996 ) (69 -1448 -112.186996 ) (73 -1448 -112.186996 ) 
4 551 552 (69 -1448 -160 ) (69 -1544 -160 ) (69 -1544 -112.186996 ) (69 -1448 -112.186996 ) 
4 552 553 (65 -1448 -160 ) (65 -1544 -160 ) (65 -1544 -112 ) (65 -1448 -112 ) 
4 553 555 (64 -1448 -112 ) (64 -1448 -160 ) (64 -1544 -160 ) (64 -1544 -112 ) 
4 554 629 (0 -1360 -201.923019 ) (0 -1360 -209 ) (0 -1368 -209 ) (0 -1368 -201.923019 ) 
4 554 623 (0 -1360 -193.923019 ) (0 -1360 -201.923019 ) (0 -1368 -201.923019 ) (0 -1368 -193.923019 ) 
4 554 617 (0 -1368 -72 ) (0 -1360 -72 ) (0 -1360 -193.923019 ) (0 -1368 -193.923019 ) 
4 554 576 (0 -1368 -209 ) (0 -1360 -209 ) (64 -1360 -209 ) (64 -1368 -209 ) 
4 554 555 (64 -1368 -208 ) (64 -1368 -72 ) (0 -1368 -72 ) (0 -1368 -208 ) 
4 555 630 (0 -1368 -201.923019 ) (0 -1368 -208 ) (0 -1632 -208 ) (0 -1632 -201.923019 ) 
4 555 623 (0 -1368 -193.923019 ) (0 -1368 -201.923019 ) (0 -1632 -201.923019 ) (0 -1632 -193.923019 ) 
4 555 617 (0 -1632 -72 ) (0 -1368 -72 ) (0 -1368 -193.923019 ) (0 -1632 -193.923019 ) 
4 555 558 (64 -1632 -208 ) (64 -1632 -72 ) (0 -1632 -72 ) (0 -1632 -208 ) 
4 556 713 (264 -2048 -175 ) (264 -2048 -122 ) (256 -2048 -122 ) (256 -2048 -175 ) 
4 556 560 (256 -1960 -175 ) (256 -2048 -175 ) (256 -2048 -122 ) (256 -1960 -122 ) 
4 556 557 (256 -1954 -175 ) (256 -1960 -175 ) (256 -1960 -122 ) (256 -1954 -122 ) 
4 557 560 (256 -1960 -208 ) (256 -1960 -80.500000 ) (88 -1960 -80.500000 ) (88 -1960 -208 ) 
4 558 631 (0 -1632 -201.923019 ) (0 -1632 -209 ) (0 -1952 -209 ) (0 -1952 -201.923019 ) 
4 558 623 (0 -1632 -193.923019 ) (0 -1632 -201.923019 ) (0 -1952 -201.923019 ) (0 -1952 -193.923019 ) 
4 558 617 (0 -1952 -72 ) (0 -1632 -72 ) (0 -1632 -193.923019 ) (0 -1952 -193.923019 ) 
4 558 577 (0 -1952 -209 ) (0 -1632 -209 ) (64 -1632 -209 ) (64 -1952 -209 ) 
4 558 559 (0 -1952 -209 ) (64 -1952 -209 ) (64 -1952 -72 ) (0 -1952 -72 ) 
4 559 632 (0 -1952 -201.923019 ) (0 -1952 -209 ) (0 -1960 -209 ) (0 -1960 -201.923019 ) 
4 559 624 (0 -1952 -193.923019 ) (0 -1952 -201.923019 ) (0 -1960 -201.923019 ) (0 -1960 -193.923019 ) 
4 559 619 (0 -1960 -72 ) (0 -1952 -72 ) (0 -1952 -193.923019 ) (0 -1960 -193.923019 ) 
4 559 578 (0 -1960 -209 ) (0 -1952 -209 ) (64 -1952 -209 ) (64 -1960 -209 ) 
4 560 719 (88 -2048 -208 ) (148 -2048 -208 ) (148 -2048 -88 ) (88 -2048 -88 ) 
4 560 716 (148 -2048 -208 ) (196 -2048 -208 ) (196 -2048 -100 ) (148 -2048 -100 ) 
4 560 715 (196 -2048 -100 ) (196 -2048 -88 ) (148 -2048 -88 ) (148 -2048 -100 ) 
4 560 714 (196 -2048 -208 ) (256 -2048 -208 ) (256 -2048 -88 ) (196 -2048 -88 ) 
4 560 712 (256 -2048 -88 ) (256 -2048 -80.500000 ) (88 -2048 -80.500000 ) (88 -2048 -88 ) 
4 561 579 (771.068726 -1024 -210 ) (771.083008 -1024 -210 ) (771.083008 -1168 -210 ) (770.306885 -1168 -210 ) 
4 562 582 (1024 -1408 -210 ) (1024 -1672 -210 ) (960 -1672 -210 ) (960 -1408 -210 ) 
4 562 564 (960 -1481 -210 ) (960 -1648 -210 ) (960 -1648 -209 ) (960 -1481 -209 ) 
4 562 563 (960 -1408 -209 ) (960 -1408 -210 ) (960 -1481 -210 ) (960 -1481 -209 ) 
4 562 565 (960 -1648 -210 ) (960 -1672 -210 ) (960 -1672 -209 ) (960 -1648 -209 ) 
4 563 583 (816 -1481 -210 ) (816 -1408 -210 ) (960 -1408 -210 ) (960 -1481 -210 ) 
4 563 566 (816 -1408 -209 ) (816 -1408 -210 ) (816 -1481 -210 ) (816 -1481 -209 ) 
4 563 564 (816 -1481 -209 ) (816 -1481 -210 ) (960 -1481 -210 ) (960 -1481 -209 ) 
4 564 584 (816 -1648 -210 ) (816 -1481 -210 ) (960 -1481 -210 ) (960 -1648 -210 ) 
4 564 566 (816 -1481 -210 ) (816 -1648 -210 ) (816 -1648 -209 ) (816 -1481 -209 ) 
4 564 565 (816 -1648 -209 ) (816 -1648 -210 ) (960 -1648 -210 ) (960 -1648 -209 ) 
4 565 585 (960 -1672 -210 ) (816 -1672 -210 ) (816 -1648 -210 ) (960 -1648 -210 ) 
4 565 566 (816 -1648 -210 ) (816 -1672 -210 ) (816 -1672 -209 ) (816 -1648 -209 ) 
4 566 586 (816 -1672 -210 ) (767.703003 -1672 -210 ) (769.036987 -1408 -210 ) (816 -1408 -210 ) 
4 567 679 (728 -2048 -209 ) (600 -2048 -209 ) (600 -2048 -210 ) (728 -2048 -210 ) 
4 567 677 (1024 -2048 -210 ) (1024 -2048 -209 ) (728 -2048 -209 ) (728 -2048 -210 ) 
4 567 589 (1024 -1776 -210 ) (1024 -2048 -210 ) (728 -2048 -210 ) (728 -1776 -210 ) 
4 567 588 (1024 -1688 -210 ) (1024 -1776 -210 ) (728 -1776 -210 ) (728 -1688 -210 ) 
4 567 590 (728 -2048 -210 ) (600 -2048 -210 ) (600 -1688 -210 ) (728 -1688 -210 ) 
4 568 689 (598 -2048 -209 ) (592 -2048 -209 ) (592 -2048 -210 ) (596 -2048 -210 ) 
4 568 591 (596 -2048 -210 ) (592 -2048 -210 ) (592 -1924 -210 ) (596 -1924 -210 ) 
4 568 569 (592 -1926.500000 -210 ) (592 -2048 -210 ) (592 -2048 -209 ) (592 -1923.250000 -209 ) 
4 569 690 (592 -2048 -209 ) (272 -2048 -209 ) (272 -2048 -210 ) (592 -2048 -210 ) 
4 569 592 (272 -1933 -210 ) (272 -1926.500000 -210 ) (592 -1926.500000 -210 ) (592 -1933 -210 ) 
4 569 593 (592 -2048 -210 ) (272 -2048 -210 ) (272 -1933 -210 ) (592 -1933 -210 ) 
4 570 594 (256 -1024 -210 ) (260 -1024 -210 ) (260 -1360 -210 ) (256 -1360 -210 ) 
4 570 571 (256 -1024 -210 ) (256 -1360 -210 ) (256 -1360 -209 ) (256 -1024 -209 ) 
4 571 596 (240 -1024 -210 ) (256 -1024 -210 ) (256 -1360 -210 ) (240 -1360 -210 ) 
4 572 597 (72 -1040 -210 ) (80 -1040 -210 ) (80 -1048 -210 ) (72 -1048 -210 ) 
4 572 574 (73 -1048 -210 ) (80 -1048 -210 ) (80 -1048 -209 ) (73 -1048 -209 ) 
4 572 573 (72 -1040 -209 ) (72 -1040 -210 ) (72 -1048 -210 ) (72 -1048 -209 ) 
4 573 620 (0 -1048 -209 ) (0 -1040 -209 ) (0 -1040 -210 ) (0 -1048 -210 ) 
4 573 598 (0 -1048 -210 ) (0 -1040 -210 ) (72 -1040 -210 ) (72 -1048 -210 ) 
4 573 576 (0 -1048 -210 ) (64 -1048 -210 ) (64 -1048 -209 ) (0 -1048 -209 ) 
4 573 575 (64 -1048 -210 ) (65 -1048 -210 ) (65 -1048 -209 ) (64 -1048 -209 ) 
4 574 599 (73 -1048 -210 ) (80 -1048 -210 ) (80 -1360 -210 ) (73 -1360 -210 ) 
4 575 600 (64 -1048 -210 ) (65 -1048 -210 ) (65 -1360 -210 ) (64 -1360 -210 ) 
4 575 576 (64 -1048 -209 ) (64 -1048 -210 ) (64 -1360 -210 ) (64 -1360 -209 ) 
4 576 629 (0 -1368 -209 ) (0 -1082.670166 -209 ) (0 -1082.670166 -210 ) (0 -1368 -210 ) 
4 576 627 (0 -1082.670166 -209 ) (0 -1048 -209 ) (0 -1048 -210 ) (0 -1082.670166 -210 ) 
4 576 601 (0 -1368 -210 ) (0 -1048 -210 ) (64 -1048 -210 ) (64 -1368 -210 ) 
4 577 631 (0 -1952 -209 ) (0 -1632 -209 ) (0 -1632 -210 ) (0 -1952 -210 ) 
4 577 602 (0 -1952 -210 ) (0 -1632 -210 ) (64 -1632 -210 ) (64 -1952 -210 ) 
4 577 578 (0 -1952 -210 ) (64 -1952 -210 ) (64 -1952 -209 ) (0 -1952 -209 ) 
4 578 632 (0 -1960 -209 ) (0 -1952 -209 ) (0 -1952 -210 ) (0 -1960 -210 ) 
4 578 603 (0 -1960 -210 ) (0 -1952 -210 ) (64 -1952 -210 ) (64 -1960 -210 ) 
4 579 581 (771.068726 -1024 -215 ) (771.083008 -1024 -215 ) (771.083008 -1168 -215 ) (770.306885 -1168 -215 ) 
4 580 587 (1016 -1408 -216 ) (1024 -1408 -216 ) (1024 -1408 -215 ) (1016 -1408 -215 ) 
4 580 581 (1016 -1168 -216 ) (1016 -1408 -216 ) (1016 -1408 -215 ) (1016 -1168 -215 ) 
4 581 595 (272 -1024 -216 ) (272 -1360 -216 ) (272 -1360 -215 ) (272 -1024 -215 ) 
4 581 587 (272 -1408 -215 ) (272 -1408 -216 ) (1016 -1408 -216 ) (1016 -1408 -215 ) 
4 582 584 (960 -1481 -215 ) (960 -1648 -215 ) (960 -1648 -210 ) (960 -1481 -210 ) 
4 582 583 (960 -1408 -210 ) (960 -1408 -215 ) (960 -1481 -215 ) (960 -1481 -210 ) 
4 582 585 (960 -1648 -215 ) (960 -1672 -215 ) (960 -1672 -210 ) (960 -1648 -210 ) 
4 582 587 (1024 -1672 -215 ) (960 -1672 -215 ) (960 -1408 -215 ) (1024 -1408 -215 ) 
4 583 586 (816 -1408 -210 ) (816 -1408 -215 ) (816 -1481 -215 ) (816 -1481 -210 ) 
4 583 587 (816 -1481 -215 ) (816 -1408 -215 ) (960 -1408 -215 ) (960 -1481 -215 ) 
4 583 584 (816 -1481 -210 ) (816 -1481 -215 ) (960 -1481 -215 ) (960 -1481 -210 ) 
4 584 586 (816 -1481 -215 ) (816 -1648 -215 ) (816 -1648 -210 ) (816 -1481 -210 ) 
4 584 585 (816 -1648 -210 ) (816 -1648 -215 ) (960 -1648 -215 ) (960 -1648 -210 ) 
4 584 587 (816 -1648 -215 ) (816 -1481 -215 ) (960 -1481 -215 ) (960 -1648 -215 ) 
4 585 586 (816 -1648 -215 ) (816 -1672 -215 ) (816 -1672 -210 ) (816 -1648 -210 ) 
4 585 587 (960 -1672 -215 ) (816 -1672 -215 ) (816 -1648 -215 ) (960 -1648 -215 ) 
4 586 587 (816 -1672 -215 ) (767.703003 -1672 -215 ) (769.036987 -1408 -215 ) (816 -1408 -215 ) 
4 588 590 (728 -1688 -210 ) (728 -1688 -216 ) (728 -1776 -216 ) (728 -1776 -210 ) 
4 588 589 (728 -1776 -210 ) (728 -1776 -216 ) (1024 -1776 -216 ) (1024 -1776 -210 ) 
4 589 722 (1024 -2048 -216 ) (1024 -2048 -210 ) (728 -2048 -210 ) (728 -2048 -216 ) 
4 589 590 (728 -1776 -216 ) (728 -2048 -216 ) (728 -2048 -210 ) (728 -1776 -210 ) 
4 590 723 (728 -2048 -210 ) (600 -2048 -210 ) (600 -2048 -216 ) (728 -2048 -216 ) 
3 591 724 (596 -2048 -210 ) (592 -2048 -210 ) (592 -2048 -212 ) 
3 591 592 (592 -1933 -212 ) (592 -1933 -210 ) (592 -1926.500000 -210 ) 
4 591 593 (592 -1933 -212 ) (592 -2048 -212 ) (592 -2048 -210 ) (592 -1933 -210 ) 
4 592 593 (272 -1933 -210 ) (272 -1933 -212 ) (592 -1933 -212 ) (592 -1933 -210 ) 
4 593 725 (592 -2048 -210 ) (272 -2048 -210 ) (272 -2048 -216 ) (592 -2048 -216 ) 
4 594 596 (256 -1360 -210 ) (256 -1024 -210 ) (256 -1024 -215 ) (256 -1360 -215 ) 
4 594 595 (256 -1360 -215 ) (256 -1024 -215 ) (260 -1024 -215 ) (260 -1360 -215 ) 
4 595 596 (256 -1024 -216 ) (256 -1360 -216 ) (256 -1360 -215 ) (256 -1024 -215 ) 
4 597 599 (73 -1048 -216 ) (80 -1048 -216 ) (80 -1048 -210 ) (73 -1048 -210 ) 
4 597 598 (72 -1040 -210 ) (72 -1040 -216 ) (72 -1048 -216 ) (72 -1048 -210 ) 
4 598 620 (0 -1048 -210 ) (0 -1040 -210 ) (0 -1040 -216 ) (0 -1048 -216 ) 
4 598 601 (0 -1048 -216 ) (64 -1048 -216 ) (64 -1048 -210 ) (0 -1048 -210 ) 
4 598 600 (64 -1048 -216 ) (65 -1048 -216 ) (65 -1048 -210 ) (64 -1048 -210 ) 
4 600 601 (64 -1048 -210 ) (64 -1048 -216 ) (64 -1360 -216 ) (64 -1360 -210 ) 
4 601 629 (0 -1368 -210 ) (0 -1082.670166 -210 ) (0 -1082.670166 -216 ) (0 -1368 -216 ) 
4 601 627 (0 -1082.670166 -210 ) (0 -1048 -210 ) (0 -1048 -216 ) (0 -1082.670166 -216 ) 
4 602 631 (0 -1952 -210 ) (0 -1632 -210 ) (0 -1632 -216 ) (0 -1952 -216 ) 
4 602 603 (0 -1952 -216 ) (64 -1952 -216 ) (64 -1952 -210 ) (0 -1952 -210 ) 
4 603 632 (0 -1960 -210 ) (0 -1952 -210 ) (0 -1952 -216 ) (0 -1960 -216 ) 
4 604 607 (-24 -568 296 ) (-24 -568 -72 ) (0 -568 -72 ) (0 -568 296 ) 
4 604 606 (-24 -568 432 ) (-24 -568 296 ) (0 -568 296 ) (0 -568 432 ) 
4 606 607 (-24 -1000 296 ) (-24 -568 296 ) (0 -568 296 ) (0 -1000 296 ) 
4 608 614 (-1024 0 176 ) (-1024 0 48 ) (-1024 -432 48 ) (-1024 -432 176 ) 
4 608 613 (-888 -432 48 ) (-1024 -432 48 ) (-1024 0 48 ) (-888 0 48 ) 
4 608 611 (-592 -432 48 ) (-880 -432 48 ) (-880 0 48 ) (-592 0 48 ) 
4 608 610 (-584 -432 48 ) (-592 -432 48 ) (-592 -416 48 ) (-584 -416 48 ) 
4 608 609 (-263.997009 -432 48 ) (-584 -432 48 ) (-584 0 48 ) (-263.997925 0 48 ) 
4 609 612 (-32 -432 -96 ) (-584 -432 -96 ) (-584 0 -96 ) (-32 0 -96 ) 
4 609 610 (-584 -416 -96 ) (-584 -432 -96 ) (-584 -432 48 ) (-584 -416 48 ) 
4 610 612 (-584 -432 -96 ) (-592 -432 -96 ) (-592 -416 -96 ) (-584 -416 -96 ) 
4 610 611 (-592 -432 -88 ) (-592 -432 48 ) (-592 -416 48 ) (-592 -416 -88 ) 
4 613 614 (-1024 0 48 ) (-1024 0 -48 ) (-1024 -432 -48 ) (-1024 -432 48 ) 
4 615 617 (0 -1952 264 ) (-328 -1952 264 ) (-328 -1048 264 ) (0 -1048 264 ) 
4 615 616 (-328 -1048 264 ) (-328 -1040 264 ) (0 -1040 264 ) (0 -1048 264 ) 
4 615 618 (-328 -1952 264 ) (-336 -1952 264 ) (-336 -1040 264 ) (-328 -1040 264 ) 
4 615 619 (-336 -1952 272 ) (-336 -1952 264 ) (0 -1952 264 ) (0 -1952 272 ) 
4 616 620 (-328 -1040 -193.923019 ) (0 -1040 -193.923019 ) (0 -1048 -193.923019 ) (-328 -1048 -193.923019 ) 
4 616 618 (-328 -1040 -193.923019 ) (-328 -1048 -193.923019 ) (-328 -1048 264 ) (-328 -1040 264 ) 
4 616 617 (-328 -1048 264 ) (-328 -1048 -193.923019 ) (0 -1048 -193.923019 ) (0 -1048 264 ) 
4 617 644 (-276 -1952 -193.923019 ) (-328 -1952 -193.923019 ) (-328 -1840 -193.923019 ) (-276 -1840 -193.923019 ) 
4 617 642 (-272 -1952 -193.923019 ) (-276 -1952 -193.923019 ) (-276 -1840 -193.923019 ) (-272 -1840 -193.923019 ) 
4 617 640 (-173.269012 -1952 -193.923019 ) (-272 -1952 -193.923019 ) (-272 -1840 -193.923019 ) (-173.269012 -1840 -193.923019 ) 
4 617 636 (-296 -1368 -193.923019 ) (-173.269012 -1368 -193.923019 ) (-173.269012 -1632 -193.923019 ) (-296 -1632 -193.923019 ) 
4 617 637 (-173.269012 -1632 -193.923019 ) (-173.269012 -1840 -193.923019 ) (-296 -1840 -193.923019 ) (-296 -1632 -193.923019 ) 
4 617 638 (-328 -1840 -193.923019 ) (-328 -1368 -193.923019 ) (-296 -1368 -193.923019 ) (-296 -1840 -193.923019 ) 
4 617 633 (-328 -1082.670166 -193.923019 ) (-328 -1048 -193.923019 ) (-173.269012 -1048 -193.923019 ) (-173.269012 -1082.670166 -193.923019 ) 
4 617 635 (-328 -1368 -193.923019 ) (-328 -1082.670166 -193.923019 ) (-173.269012 -1082.670166 -193.923019 ) (-173.269012 -1368 -193.923019 ) 
4 617 625 (-157.269012 -1546.670166 -193.923019 ) (-157.269012 -1450.670166 -193.923019 ) (-61.269203 -1450.670166 -193.923019 ) (-61.269203 -1546.670166 -193.923019 ) 
4 617 623 (0 -1082.670166 -193.923019 ) (0 -1952 -193.923019 ) (-45.269203 -1952 -193.923019 ) (-45.269203 -1082.670166 -193.923019 ) 
4 617 622 (0 -1048 -193.923019 ) (0 -1082.670166 -193.923019 ) (-45.269203 -1082.670166 -193.923019 ) (-45.269203 -1048 -193.923019 ) 
4 617 618 (-328 -1048 -193.923019 ) (-328 -1952 -193.923019 ) (-328 -1952 264 ) (-328 -1048 264 ) 
4 617 619 (-328 -1952 -193.923019 ) (0 -1952 -193.923019 ) (0 -1952 264 ) (-328 -1952 264 ) 
4 618 645 (-336 -1952 -193.923019 ) (-336 -1840 -193.923019 ) (-328 -1840 -193.923019 ) (-328 -1952 -193.923019 ) 
4 618 639 (-336 -1840 -193.923019 ) (-336 -1048 -193.923019 ) (-328 -1048 -193.923019 ) (-328 -1840 -193.923019 ) 
4 618 621 (-336 -1048 -193.923019 ) (-336 -1040 -193.923019 ) (-328 -1040 -193.923019 ) (-328 -1048 -193.923019 ) 
4 618 619 (-336 -1952 264 ) (-336 -1952 -193.923019 ) (-328 -1952 -193.923019 ) (-328 -1952 264 ) 
4 619 646 (-276 -1960 -193.923019 ) (-336 -1960 -193.923019 ) (-336 -1952 -193.923019 ) (-276 -1952 -193.923019 ) 
4 619 643 (-272 -1960 -193.923019 ) (-276 -1960 -193.923019 ) (-276 -1952 -193.923019 ) (-272 -1952 -193.923019 ) 
4 619 641 (-173.269012 -1960 -193.923019 ) (-272 -1960 -193.923019 ) (-272 -1952 -193.923019 ) (-173.269012 -1952 -193.923019 ) 
4 619 626 (-45.269203 -1960 -193.923019 ) (-173.269012 -1960 -193.923019 ) (-173.269012 -1952 -193.923019 ) (-45.269203 -1952 -193.923019 ) 
4 619 624 (0 -1960 -193.923019 ) (-45.269203 -1960 -193.923019 ) (-45.269203 -1952 -193.923019 ) (0 -1952 -193.923019 ) 
4 620 633 (-173.269012 -1048 -197.923019 ) (-173.269012 -1048 -193.923019 ) (-328 -1048 -193.923019 ) (-328 -1048 -197.923019 ) 
4 620 634 (-328 -1048 -216 ) (-173.269012 -1048 -216 ) (-173.269012 -1048 -205.923019 ) (-328 -1048 -205.923019 ) 
4 620 627 (-45.269203 -1048 -216 ) (0 -1048 -216 ) (0 -1048 -205.923019 ) (-45.269203 -1048 -205.923019 ) 
4 620 628 (-173.269012 -1048 -216 ) (-45.269203 -1048 -216 ) (-45.269203 -1048 -201.923019 ) (-173.269012 -1048 -201.923019 ) 
4 620 622 (0 -1048 -197.923019 ) (0 -1048 -193.923019 ) (-45.269203 -1048 -193.923019 ) (-45.269203 -1048 -197.923019 ) 
4 620 621 (-328 -1048 -216 ) (-328 -1048 -193.923019 ) (-328 -1040 -193.923019 ) (-328 -1040 -216 ) 
4 621 639 (-336 -1048 -216 ) (-328 -1048 -216 ) (-328 -1048 -193.923019 ) (-336 -1048 -193.923019 ) 
4 622 623 (-45.269203 -1082.670166 -193.923019 ) (-45.269203 -1082.670166 -197.923019 ) (0 -1082.670166 -197.923019 ) (0 -1082.670166 -193.923019 ) 
4 623 631 (-45.269203 -1952 -201.923019 ) (-45.269203 -1632 -201.923019 ) (0 -1632 -201.923019 ) (0 -1952 -201.923019 ) 
4 623 630 (-45.269203 -1632 -201.923019 ) (-45.269203 -1368 -201.923019 ) (0 -1368 -201.923019 ) (0 -1632 -201.923019 ) 
4 623 629 (-45.269203 -1368 -201.923019 ) (-45.269203 -1082.670166 -201.923019 ) (0 -1082.670166 -201.923019 ) (0 -1368 -201.923019 ) 
4 623 624 (-45.269203 -1952 -193.923019 ) (-45.269203 -1952 -201.923019 ) (0 -1952 -201.923019 ) (0 -1952 -193.923019 ) 
4 624 632 (0 -1960 -201.923019 ) (-45.269203 -1960 -201.923019 ) (-45.269203 -1952 -201.923019 ) (0 -1952 -201.923019 ) 
4 624 626 (-45.269203 -1952 -201.923019 ) (-45.269203 -1960 -201.923019 ) (-45.269203 -1960 -193.923019 ) (-45.269203 -1952 -193.923019 ) 
4 625 630 (-61.269203 -1450.670166 -201.923019 ) (-61.269203 -1546.670166 -201.923019 ) (-157.269012 -1546.670166 -201.923019 ) (-157.269012 -1450.670166 -201.923019 ) 
4 626 641 (-173.269012 -1952 -201.923019 ) (-173.269012 -1960 -201.923019 ) (-173.269012 -1960 -193.923019 ) (-173.269012 -1952 -193.923019 ) 
4 626 632 (-45.269203 -1960 -201.923019 ) (-173.269012 -1960 -201.923019 ) (-173.269012 -1952 -201.923019 ) (-45.269203 -1952 -201.923019 ) 
4 627 629 (-45.269203 -1082.670166 -205.923019 ) (-45.269203 -1082.670166 -216 ) (0 -1082.670166 -216 ) (0 -1082.670166 -205.923019 ) 
4 627 628 (-45.269203 -1082.670166 -216 ) (-45.269203 -1082.670166 -205.923019 ) (-45.269203 -1048 -205.923019 ) (-45.269203 -1048 -216 ) 
4 628 634 (-173.269012 -1048 -205.923019 ) (-173.269012 -1048 -216 ) (-173.269012 -1082.670166 -216 ) (-173.269012 -1082.670166 -205.923019 ) 
4 628 629 (-45.269203 -1082.670166 -201.923019 ) (-173.269012 -1082.670166 -201.923019 ) (-173.269012 -1082.670166 -216 ) (-45.269203 -1082.670166 -216 ) 
4 629 635 (-173.269012 -1082.670166 -216 ) (-173.269012 -1368 -216 ) (-173.269012 -1368 -201.923019 ) (-173.269012 -1082.670166 -201.923019 ) 
4 629 630 (0 -1368 -201.923019 ) (-173.269012 -1368 -201.923019 ) (-173.269012 -1368 -208 ) (0 -1368 -208 ) 
4 630 636 (-173.269012 -1632 -208 ) (-173.269012 -1632 -201.923019 ) (-173.269012 -1368 -201.923019 ) (-173.269012 -1368 -208 ) 
4 630 631 (0 -1632 -201.923019 ) (-173.269012 -1632 -201.923019 ) (-173.269012 -1632 -208 ) (0 -1632 -208 ) 
4 631 640 (-173.269012 -1840 -216 ) (-173.269012 -1952 -216 ) (-173.269012 -1952 -201.923019 ) (-173.269012 -1840 -201.923019 ) 
4 631 637 (-173.269012 -1632 -216 ) (-173.269012 -1840 -216 ) (-173.269012 -1840 -201.923019 ) (-173.269012 -1632 -201.923019 ) 
4 631 632 (0 -1952 -201.923019 ) (-173.269012 -1952 -201.923019 ) (-173.269012 -1952 -216 ) (0 -1952 -216 ) 
4 632 641 (-173.269012 -1952 -216 ) (-173.269012 -1960 -216 ) (-173.269012 -1960 -201.923019 ) (-173.269012 -1952 -201.923019 ) 
4 633 639 (-328 -1048 -193.923019 ) (-328 -1048 -197.923019 ) (-328 -1082.670166 -197.923019 ) (-328 -1082.670166 -193.923019 ) 
4 633 635 (-328 -1082.670166 -193.923019 ) (-328 -1082.670166 -197.923019 ) (-173.269012 -1082.670166 -197.923019 ) (-173.269012 -1082.670166 -193.923019 ) 
4 634 635 (-328 -1082.670166 -205.923019 ) (-328 -1082.670166 -216 ) (-173.269012 -1082.670166 -216 ) (-173.269012 -1082.670166 -205.923019 ) 
4 634 639 (-328 -1048 -205.923019 ) (-328 -1048 -216 ) (-328 -1082.670166 -216 ) (-328 -1082.670166 -205.923019 ) 
4 635 636 (-173.269012 -1368 -208 ) (-173.269012 -1368 -193.923019 ) (-296 -1368 -193.923019 ) (-296 -1368 -208 ) 
4 635 638 (-328 -1368 -193.923019 ) (-328 -1368 -216 ) (-296 -1368 -216 ) (-296 -1368 -193.923019 ) 
4 635 639 (-328 -1082.670166 -216 ) (-328 -1368 -216 ) (-328 -1368 -193.923019 ) (-328 -1082.670166 -193.923019 ) 
4 636 637 (-296 -1632 -193.923019 ) (-296 -1632 -208 ) (-173.269012 -1632 -208 ) (-173.269012 -1632 -193.923019 ) 
4 636 638 (-296 -1368 -193.923019 ) (-296 -1368 -208 ) (-296 -1632 -208 ) (-296 -1632 -193.923019 ) 
4 637 644 (-276 -1840 -200 ) (-276 -1840 -193.923019 ) (-296 -1840 -193.923019 ) (-296 -1840 -200 ) 
4 637 642 (-272 -1840 -208 ) (-272 -1840 -193.923019 ) (-276 -1840 -193.923019 ) (-276 -1840 -208 ) 
4 637 640 (-272 -1840 -216 ) (-173.269012 -1840 -216 ) (-173.269012 -1840 -193.923019 ) (-272 -1840 -193.923019 ) 
4 637 638 (-296 -1632 -216 ) (-296 -1840 -216 ) (-296 -1840 -193.923019 ) (-296 -1632 -193.923019 ) 
4 638 644 (-296 -1840 -200 ) (-296 -1840 -193.923019 ) (-328 -1840 -193.923019 ) (-328 -1840 -200 ) 
4 638 639 (-328 -1368 -216 ) (-328 -1840 -216 ) (-328 -1840 -193.923019 ) (-328 -1368 -193.923019 ) 
4 639 645 (-328 -1840 -200 ) (-328 -1840 -193.923019 ) (-336 -1840 -193.923019 ) (-336 -1840 -200 ) 
4 640 642 (-272 -1840 -193.923019 ) (-272 -1840 -208 ) (-272 -1952 -208 ) (-272 -1952 -193.923019 ) 
4 640 641 (-272 -1952 -193.923019 ) (-272 -1952 -216 ) (-173.269012 -1952 -216 ) (-173.269012 -1952 -193.923019 ) 
4 641 643 (-272 -1960 -208 ) (-272 -1960 -193.923019 ) (-272 -1952 -193.923019 ) (-272 -1952 -208 ) 
4 642 644 (-276 -1840 -193.923019 ) (-276 -1840 -200 ) (-276 -1952 -200 ) (-276 -1952 -193.923019 ) 
4 642 643 (-276 -1952 -193.923019 ) (-276 -1952 -208 ) (-272 -1952 -208 ) (-272 -1952 -193.923019 ) 
4 643 646 (-276 -1960 -200 ) (-276 -1960 -193.923019 ) (-276 -1952 -193.923019 ) (-276 -1952 -200 ) 
4 644 646 (-328 -1952 -200 ) (-276 -1952 -200 ) (-276 -1952 -193.923019 ) (-328 -1952 -193.923019 ) 
4 644 645 (-328 -1840 -193.923019 ) (-328 -1840 -200 ) (-328 -1952 -200 ) (-328 -1952 -193.923019 ) 
4 645 646 (-336 -1952 -193.923019 ) (-336 -1952 -200 ) (-328 -1952 -200 ) (-328 -1952 -193.923019 ) 
4 647 811 (-552 -2048 -195.555420 ) (-552 -2048 -200 ) (-280 -2048 -200 ) (-280 -2048 -195.555420 ) 
4 647 648 (-552 -2048 -200 ) (-552 -2044 -200 ) (-280 -2044 -200 ) (-280 -2048 -200 ) 
4 648 811 (-552 -2048 -200 ) (-552 -2048 -216 ) (-280 -2048 -216 ) (-280 -2048 -200 ) 
4 648 651 (-552 -2048 -216 ) (-552 -2029.599976 -216 ) (-280 -2029.599976 -216 ) (-280 -2048 -216 ) 
4 650 653 (-388 -1848 -300 ) (-436 -1848 -300 ) (-436 -1848 -408 ) (-388 -1848 -408 ) 
4 651 811 (-280 -2048 -232 ) (-280 -2048 -216 ) (-552 -2048 -216 ) (-552 -2048 -232 ) 
4 651 652 (-552 -2048 -232 ) (-552 -2015.199951 -232 ) (-280 -2015.199951 -232 ) (-280 -2048 -232 ) 
4 652 811 (-280 -2048 -240 ) (-280 -2048 -232 ) (-552 -2048 -232 ) (-552 -2048 -240 ) 
4 652 655 (-552 -2048 -240 ) (-552 -2008 -240 ) (-280 -2008 -240 ) (-280 -2048 -240 ) 
4 653 655 (-280 -2004 -408 ) (-280 -2004 -240 ) (-552 -2004 -240 ) (-552 -2004 -408 ) 
4 654 655 (-552 -2004 -504 ) (-280 -2004 -504 ) (-280 -2004 -416 ) (-552 -2004 -416 ) 
4 655 851 (-280 -2048 -504 ) (-280 -2048 -320 ) (-552 -2048 -320 ) (-552 -2048 -504 ) 
4 655 811 (-280 -2048 -320 ) (-280 -2048 -240 ) (-552 -2048 -240 ) (-552 -2048 -320 ) 
4 656 660 (-2948 -1848 -392 ) (-2948 -1848 -300 ) (-2996 -1848 -300 ) (-2996 -1848 -392 ) 
4 656 659 (-2948 -1848 -408 ) (-2948 -1848 -392 ) (-2996 -1848 -392 ) (-2996 -1848 -408 ) 
4 657 661 (-2948 -1848 -600 ) (-2948 -1848 -492 ) (-2996 -1848 -492 ) (-2996 -1848 -600 ) 
4 658 662 (-2948 -1848 -792 ) (-2948 -1848 -684 ) (-2996 -1848 -684 ) (-2996 -1848 -792 ) 
4 659 938 (-2840 -2048 -408 ) (-2840 -2048 -192 ) (-3072 -2048 -192 ) (-3072 -2048 -408 ) 
4 659 665 (-3072 -2004 -236 ) (-3072 -1848 -392 ) (-3072 -1848 -408 ) (-3072 -2004 -408 ) 
5 659 668 (-3072 -2048 -408 ) (-3072 -2048 -232 ) (-3072 -2008 -232 ) (-3072 -2004 -236 ) (-3072 -2004 -408 ) 
3 659 664 (-3072 -2048 -232 ) (-3072 -2048 -192 ) (-3072 -2008 -232 ) 
4 659 663 (-3072 -2048 -408 ) (-3072 -2004 -408 ) (-2840 -2004 -408 ) (-2840 -2048 -408 ) 
4 659 660 (-2840 -2008 -232 ) (-2840 -1848 -392 ) (-3072 -1848 -392 ) (-3072 -2008 -232 ) 
4 660 665 (-3072 -1848 -232 ) (-3072 -1848 -392 ) (-3072 -2004 -236 ) (-3072 -2004 -232 ) 
3 660 668 (-3072 -2004 -236 ) (-3072 -2008 -232 ) (-3072 -2004 -232 ) 
4 661 666 (-3072 -1848 -416 ) (-3072 -1848 -600 ) (-3072 -2004 -600 ) (-3072 -2004 -416 ) 
4 661 663 (-2840 -2004 -600 ) (-2840 -2004 -416 ) (-3072 -2004 -416 ) (-3072 -2004 -600 ) 
4 662 667 (-3072 -1848 -608 ) (-3072 -1848 -792 ) (-3072 -2004 -792 ) (-3072 -2004 -608 ) 
4 662 663 (-3072 -2004 -792 ) (-2840 -2004 -792 ) (-2840 -2004 -608 ) (-3072 -2004 -608 ) 
4 663 942 (-2840 -2048 -792 ) (-2840 -2048 -512 ) (-3072 -2048 -512 ) (-3072 -2048 -792 ) 
4 663 941 (-2840 -2048 -512 ) (-2840 -2048 -504 ) (-3072 -2048 -504 ) (-3072 -2048 -512 ) 
4 663 938 (-2840 -2048 -504 ) (-2840 -2048 -408 ) (-3072 -2048 -408 ) (-3072 -2048 -504 ) 
4 663 668 (-3072 -2048 -792 ) (-3072 -2048 -408 ) (-3072 -2004 -408 ) (-3072 -2004 -792 ) 
4 664 951 (-3072 -2048 -232 ) (-3072 -2048 -192 ) (-3112 -2048 -192 ) (-3112 -2048 -232 ) 
4 664 668 (-3072 -2048 -232 ) (-3112 -2048 -232 ) (-3112 -2008 -232 ) (-3072 -2008 -232 ) 
4 665 668 (-3072 -2004 -408 ) (-3072 -2004 -232 ) (-3112 -2004 -232 ) (-3112 -2004 -408 ) 
4 666 668 (-3072 -2004 -600 ) (-3072 -2004 -416 ) (-3112 -2004 -416 ) (-3112 -2004 -600 ) 
4 667 668 (-3112 -2004 -792 ) (-3072 -2004 -792 ) (-3072 -2004 -608 ) (-3112 -2004 -608 ) 
4 668 955 (-3072 -2048 -792 ) (-3072 -2048 -512 ) (-3112 -2048 -512 ) (-3112 -2048 -792 ) 
4 668 953 (-3072 -2048 -512 ) (-3072 -2048 -320 ) (-3112 -2048 -320 ) (-3112 -2048 -512 ) 
4 668 951 (-3072 -2048 -320 ) (-3072 -2048 -232 ) (-3112 -2048 -232 ) (-3112 -2048 -320 ) 
4 669 744 (1024 -3072 -56 ) (1024 -3072 432 ) (592 -3072 432 ) (592 -3072 -56 ) 
3 669 674 (592 -2048 30.399963 ) (592 -2048 -56 ) (592 -2264 -56 ) 
4 669 673 (592 -2304 -56 ) (592 -3072 -56 ) (592 -3072 432 ) (592 -2304 432 ) 
5 669 672 (592 -2048 432 ) (592 -2048 30.399963 ) (592 -2264 -56 ) (592 -2304 -56 ) (592 -2304 432 ) 
4 669 671 (592 -2304 -56 ) (592 -2048 -56 ) (600 -2048 -56 ) (600 -2304 -56 ) 
4 669 670 (1024 -3072 -56 ) (600 -3072 -56 ) (600 -2048 -56 ) (1024 -2048 -56 ) 
4 670 745 (1024 -3072 -72 ) (1024 -3072 -56 ) (600 -3072 -56 ) (600 -3072 -72 ) 
4 670 682 (1024 -3072 -72 ) (600 -3072 -72 ) (600 -2960 -72 ) (1024 -2960 -72 ) 
4 670 680 (600 -2960 -72 ) (600 -2832 -72 ) (1024 -2832 -72 ) (1024 -2960 -72 ) 
4 670 678 (600 -2832 -72 ) (600 -2048 -72 ) (728 -2048 -72 ) (728 -2832 -72 ) 
4 670 677 (728 -2048 -72 ) (1024 -2048 -72 ) (1024 -2832 -72 ) (728 -2832 -72 ) 
4 670 671 (600 -2048 -72 ) (600 -2304 -72 ) (600 -2304 -56 ) (600 -2048 -56 ) 
4 671 683 (592 -2072 -72 ) (592 -2048 -72 ) (600 -2048 -72 ) (600 -2072 -72 ) 
4 671 687 (592 -2304 -72 ) (592 -2072 -72 ) (600 -2072 -72 ) (600 -2304 -72 ) 
4 671 675 (592 -2048 -64 ) (592 -2048 -72 ) (592 -2304 -72 ) (592 -2284 -64 ) 
4 671 674 (592 -2048 -56 ) (592 -2048 -64 ) (592 -2284 -64 ) (592 -2264 -56 ) 
3 671 672 (592 -2304 -72 ) (592 -2304 -56 ) (592 -2264 -56 ) 
4 672 675 (272 -2284 -64 ) (592 -2284 -64 ) (592 -2304 -72 ) (272 -2304 -72 ) 
4 672 676 (88 -2284 -64 ) (264 -2284 -64 ) (264 -2304 -72 ) (88 -2304 -72 ) 
4 672 674 (80 -2284 -64 ) (80 -2048 30.399986 ) (592 -2048 30.399994 ) (592 -2284 -64 ) 
5 672 673 (80 -2304 -72 ) (272 -2304 -72 ) (592 -2304 -56 ) (592 -2304 432 ) (80 -2304 432 ) 
5 673 746 (80 -3072 432 ) (80 -3072 -72 ) (272 -3072 -72 ) (592 -3072 -56 ) (592 -3072 432 ) 
4 674 675 (592 -2284 -64 ) (272 -2284 -64 ) (272 -2048 -64 ) (592 -2048 -64 ) 
4 674 676 (264 -2284 -64 ) (88 -2284 -64 ) (88 -2048 -64 ) (264 -2048 -64 ) 
4 675 685 (280 -2064 -72 ) (280 -2072 -72 ) (272 -2072 -72 ) (272 -2064 -72 ) 
4 675 684 (272 -2048 -72 ) (280 -2048 -72 ) (280 -2064 -72 ) (272 -2064 -72 ) 
4 675 683 (280 -2048 -72 ) (592 -2048 -72 ) (592 -2072 -72 ) (280 -2072 -72 ) 
4 675 687 (592 -2072 -72 ) (592 -2304 -72 ) (272 -2304 -72 ) (272 -2072 -72 ) 
4 677 727 (1024 -2392 -210 ) (1024 -2832 -210 ) (728 -2832 -210 ) (728 -2392 -210 ) 
4 677 722 (728 -2048 -210 ) (1024 -2048 -210 ) (1024 -2392 -210 ) (728 -2392 -210 ) 
4 677 681 (728 -2832 -210 ) (1016 -2832 -210 ) (1016 -2832 -208 ) (728 -2832 -208 ) 
4 677 680 (1024 -2832 -200 ) (1024 -2832 -72 ) (728 -2832 -72 ) (728 -2832 -200 ) 
4 677 678 (728 -2832 -200 ) (728 -2832 -72 ) (728 -2048 -72 ) (728 -2048 -200 ) 
4 677 679 (728 -2048 -210 ) (728 -2832 -210 ) (728 -2832 -208 ) (728 -2048 -208 ) 
4 678 688 (600 -2048 -120 ) (600 -2048 -200 ) (600 -2304 -200 ) (600 -2304 -120 ) 
4 678 683 (600 -2072 -72 ) (600 -2048 -72 ) (600 -2048 -120 ) (600 -2072 -120 ) 
4 678 687 (600 -2304 -72 ) (600 -2072 -72 ) (600 -2072 -120 ) (600 -2304 -120 ) 
4 678 680 (600 -2832 -72 ) (600 -2832 -200 ) (728 -2832 -200 ) (728 -2832 -72 ) 
4 679 728 (728 -2392 -210 ) (728 -2832 -210 ) (600 -2832 -210 ) (600 -2392 -210 ) 
4 679 723 (600 -2048 -210 ) (728 -2048 -210 ) (728 -2392 -210 ) (600 -2392 -210 ) 
4 679 708 (600 -2392 -210 ) (600 -2832 -210 ) (600 -2832 -208 ) (600 -2392 -208 ) 
4 679 681 (600 -2832 -208 ) (600 -2832 -210 ) (728 -2832 -210 ) (728 -2832 -208 ) 
4 680 682 (600 -2960 -72 ) (600 -2960 -200 ) (1024 -2960 -200 ) (1024 -2960 -72 ) 
4 681 729 (1016 -2960 -210 ) (600 -2960 -210 ) (600 -2832 -210 ) (1016 -2832 -210 ) 
4 681 709 (600 -2848 -210 ) (600 -2960 -210 ) (600 -2960 -208 ) (600 -2848 -208 ) 
4 681 708 (600 -2832 -210 ) (600 -2848 -210 ) (600 -2848 -208 ) (600 -2832 -208 ) 
4 682 749 (1024 -3072 -208 ) (1024 -3072 -100 ) (600 -3072 -100 ) (600 -3072 -208 ) 
4 682 747 (1024 -3072 -100 ) (1024 -3072 -72 ) (600 -3072 -72 ) (600 -3072 -100 ) 
6 682 705 (600 -3072 -208 ) (600 -3072 -84.148392 ) (600 -3050.001465 -88.571472 ) (600 -3001.994629 -115.717087 ) (600 -2972 -159.143433 ) (600 -2960 -208 ) 
4 683 690 (280 -2048 -120 ) (592 -2048 -120 ) (592 -2072 -120 ) (280 -2072 -120 ) 
4 683 688 (592 -2048 -120 ) (600 -2048 -120 ) (600 -2072 -120 ) (592 -2072 -120 ) 
3 683 686 (280 -2072 -119 ) (280 -2064 -112 ) (280 -2064 -116 ) 
4 683 685 (280 -2072 -119 ) (280 -2072 -72 ) (280 -2064 -72 ) (280 -2064 -112 ) 
4 683 684 (280 -2048 -120 ) (280 -2064 -120 ) (280 -2064 -72 ) (280 -2048 -72 ) 
4 683 687 (280 -2072 -120 ) (600 -2072 -120 ) (600 -2072 -72 ) (280 -2072 -72 ) 
4 684 690 (272 -2064 -120 ) (272 -2048 -120 ) (280 -2048 -120 ) (280 -2064 -120 ) 
3 684 686 (272 -2064 -112 ) (280 -2064 -116 ) (280 -2064 -112 ) 
4 684 685 (272 -2064 -72 ) (272 -2064 -112 ) (280 -2064 -112 ) (280 -2064 -72 ) 
3 685 686 (272 -2064 -112 ) (280 -2064 -112 ) (280 -2072 -119 ) 
4 685 687 (272 -2072 -72 ) (272 -2072 -119 ) (280 -2072 -119 ) (280 -2072 -72 ) 
4 687 690 (592 -2304 -120 ) (272 -2304 -120 ) (272 -2072 -120 ) (592 -2072 -120 ) 
4 687 688 (600 -2304 -120 ) (592 -2304 -120 ) (592 -2072 -120 ) (600 -2072 -120 ) 
3 688 691 (592 -2304 -208 ) (592 -2304 -141.538391 ) (592 -2088 -208 ) 
5 688 690 (592 -2304 -141.538391 ) (592 -2304 -120 ) (592 -2048 -120 ) (592 -2048 -208 ) (592 -2088 -208 ) 
4 688 689 (592 -2088 -208 ) (592 -2048 -208 ) (600 -2048 -208 ) (600 -2088 -208 ) 
4 689 724 (592 -2048 -210 ) (596 -2048 -210 ) (596 -2084 -210 ) (592 -2084 -210 ) 
4 689 690 (592 -2048 -210 ) (592 -2081.500000 -210 ) (592 -2088 -208 ) (592 -2048 -208 ) 
4 690 726 (592 -2075 -210 ) (592 -2081.499756 -210 ) (272 -2081.499756 -210 ) (272 -2075 -210 ) 
4 690 725 (272 -2048 -210 ) (592 -2048 -210 ) (592 -2075 -210 ) (272 -2075 -210 ) 
4 690 692 (272 -2048 -123 ) (272 -2048 -174 ) (272 -2063 -174 ) (272 -2063 -123 ) 
4 690 691 (592 -2087.998535 -208 ) (592 -2304 -141.538010 ) (272 -2304 -141.538010 ) (272 -2087.998535 -208 ) 
4 692 713 (264 -2048 -123 ) (264 -2048 -174 ) (264 -2063 -174 ) (264 -2063 -123 ) 
4 693 709 (592 -2848 -208 ) (592 -2936 -208 ) (408 -2936 -208 ) (408 -2848 -208 ) 
4 693 708 (592 -2392 -208 ) (592 -2848 -208 ) (408 -2848 -208 ) (408 -2392 -208 ) 
4 693 695 (408 -2848 -80 ) (408 -2848 -72 ) (408 -2392 -72 ) (408 -2392 -80 ) 
4 693 694 (408 -2312 -72 ) (408 -2312 -208 ) (408 -2392 -208 ) (408 -2392 -72 ) 
4 693 696 (408 -2848 -208 ) (408 -2936 -208 ) (408 -2936 -72 ) (408 -2848 -72 ) 
4 694 702 (400 -2312 -208 ) (400 -2392 -208 ) (400 -2392 -88 ) (400 -2312 -88 ) 
4 694 697 (400 -2392 -88 ) (400 -2392 -72 ) (400 -2312 -72 ) (400 -2312 -88 ) 
4 694 695 (400 -2392 -72 ) (400 -2392 -80 ) (408 -2392 -80 ) (408 -2392 -72 ) 
4 695 696 (400 -2848 -72 ) (400 -2848 -80 ) (408 -2848 -80 ) (408 -2848 -72 ) 
4 696 709 (408 -2936 -208 ) (400 -2936 -208 ) (400 -2848 -208 ) (408 -2848 -208 ) 
4 696 704 (400 -2848 -208 ) (400 -2936 -208 ) (400 -2936 -88 ) (400 -2848 -88 ) 
4 696 698 (400 -2936 -88 ) (400 -2936 -72 ) (400 -2848 -72 ) (400 -2848 -88 ) 
4 697 702 (400 -2312 -88 ) (400 -2392 -88 ) (272 -2392 -88 ) (272 -2312 -88 ) 
4 697 699 (272 -2312 -88 ) (272 -2392 -88 ) (272 -2392 -80 ) (272 -2312 -80 ) 
4 698 706 (272 -2936 -88 ) (280 -2936 -88 ) (280 -2936 -72 ) (272 -2936 -72 ) 
4 698 704 (400 -2848 -88 ) (400 -2936 -88 ) (272 -2936 -88 ) (272 -2848 -88 ) 
4 698 700 (272 -2848 -88 ) (272 -2936 -88 ) (272 -2936 -80 ) (272 -2848 -80 ) 
4 699 702 (272 -2312 -88 ) (272 -2392 -88 ) (264 -2392 -88 ) (264 -2312 -88 ) 
4 699 701 (264 -2304 -88 ) (272 -2304 -88 ) (272 -2312 -88 ) (264 -2312 -88 ) 
4 700 721 (264 -2848 -80 ) (264 -2848 -88 ) (264 -2936 -88 ) (264 -2936 -80 ) 
4 700 707 (264 -2936 -80 ) (264 -2936 -88 ) (272 -2936 -88 ) (272 -2936 -80 ) 
4 700 704 (272 -2848 -88 ) (272 -2936 -88 ) (264 -2936 -88 ) (264 -2848 -88 ) 
4 701 702 (264 -2312 -208 ) (272 -2312 -208 ) (272 -2312 -88 ) (264 -2312 -88 ) 
4 703 720 (264 -2400 -208 ) (264 -2840 -208 ) (264 -2840 -88 ) (264 -2400 -88 ) 
4 704 721 (264 -2848 -208 ) (264 -2936 -208 ) (264 -2936 -88 ) (264 -2848 -88 ) 
4 704 710 (272 -2848 -208 ) (400 -2848 -208 ) (400 -2936 -208 ) (272 -2936 -208 ) 
4 704 711 (264 -2936 -208 ) (264 -2848 -208 ) (272 -2848 -208 ) (272 -2936 -208 ) 
4 704 707 (264 -2936 -88 ) (264 -2936 -208 ) (272 -2936 -208 ) (272 -2936 -88 ) 
4 704 706 (272 -2936 -208 ) (280 -2936 -208 ) (280 -2936 -88 ) (272 -2936 -88 ) 
4 705 757 (280 -3072 -100 ) (280 -3072 -208 ) (313 -3072 -208 ) (313 -3072 -100 ) 
4 705 754 (313 -3072 -208 ) (361 -3072 -208 ) (361 -3072 -100 ) (313 -3072 -100 ) 
4 705 753 (361 -3072 -208 ) (592 -3072 -208 ) (592 -3072 -200 ) (361 -3072 -200 ) 
4 705 752 (592 -3072 -208 ) (600 -3072 -208 ) (600 -3072 -200 ) (592 -3072 -200 ) 
4 705 751 (600 -3072 -200 ) (600 -3072 -100 ) (361 -3072 -100 ) (361 -3072 -200 ) 
4 705 748 (280 -3072 -84.147888 ) (280 -3072 -100 ) (600 -3072 -100 ) (600 -3072 -84.148392 ) 
4 706 710 (272 -2936 -208 ) (280 -2936 -208 ) (280 -2960 -208 ) (272 -2960 -208 ) 
4 706 707 (272 -2936 -80 ) (272 -2936 -208 ) (272 -2960 -208 ) (272 -2960 -80 ) 
4 707 764 (264 -3072 -80 ) (264 -3072 -208 ) (272 -3072 -208 ) (272 -3072 -80 ) 
4 707 721 (264 -3072 -208 ) (264 -3072 -80 ) (264 -2936 -80 ) (264 -2936 -208 ) 
4 707 711 (264 -3072 -208 ) (264 -2936 -208 ) (272 -2936 -208 ) (272 -3072 -208 ) 
4 708 729 (600 -2832 -210 ) (600 -2848 -210 ) (408 -2848 -210 ) (408 -2832 -210 ) 
4 708 728 (600 -2392 -210 ) (600 -2832 -210 ) (408 -2832 -210 ) (408 -2392 -210 ) 
4 708 709 (408 -2848 -210 ) (600 -2848 -210 ) (600 -2848 -208 ) (408 -2848 -208 ) 
4 709 730 (408 -2960 -210 ) (400 -2960 -210 ) (400 -2848 -210 ) (408 -2848 -210 ) 
4 709 729 (600 -2848 -210 ) (600 -2960 -210 ) (408 -2960 -210 ) (408 -2848 -210 ) 
4 709 710 (400 -2848 -210 ) (400 -2960 -210 ) (400 -2960 -208 ) (400 -2848 -208 ) 
4 710 731 (272 -2960 -210 ) (272 -2848 -210 ) (400 -2848 -210 ) (400 -2960 -210 ) 
4 710 711 (272 -2848 -208 ) (272 -2848 -210 ) (272 -2960 -210 ) (272 -2960 -208 ) 
4 711 770 (264 -3072 -208 ) (264 -3072 -210 ) (272 -3072 -210 ) (272 -3072 -208 ) 
4 711 732 (272 -3072 -210 ) (264 -3072 -210 ) (264 -2848 -210 ) (272 -2848 -210 ) 
4 711 721 (264 -2848 -210 ) (264 -3072 -210 ) (264 -3072 -208 ) (264 -2848 -208 ) 
4 712 719 (88 -2048 -88 ) (148 -2048 -88 ) (148 -2392 -88 ) (88 -2392 -88 ) 
4 712 715 (148 -2048 -88 ) (196 -2048 -88 ) (196 -2392 -88 ) (148 -2392 -88 ) 
4 712 714 (196 -2048 -88 ) (256 -2048 -88 ) (256 -2392 -88 ) (196 -2392 -88 ) 
4 713 714 (256 -2064 -122 ) (256 -2048 -122 ) (256 -2048 -175 ) (256 -2064 -175 ) 
4 714 716 (196 -2048 -100 ) (196 -2048 -208 ) (196 -2392 -208 ) (196 -2392 -100 ) 
4 714 715 (196 -2392 -88 ) (196 -2048 -88 ) (196 -2048 -100 ) (196 -2392 -100 ) 
4 715 719 (148 -2392 -88 ) (148 -2048 -88 ) (148 -2048 -100 ) (148 -2392 -100 ) 
4 715 716 (148 -2392 -100 ) (148 -2048 -100 ) (196 -2048 -100 ) (196 -2392 -100 ) 
4 716 719 (148 -2392 -100 ) (148 -2048 -100 ) (148 -2048 -208 ) (148 -2392 -208 ) 
4 716 717 (148 -2395 -208 ) (196 -2395 -208 ) (196 -2395 -100 ) (148 -2395 -100 ) 
4 717 718 (148 -2397 -208 ) (196 -2397 -208 ) (196 -2397 -100 ) (148 -2397 -100 ) 
4 718 720 (196 -2400 -208 ) (196 -2400 -100 ) (148 -2400 -100 ) (148 -2400 -208 ) 
4 720 838 (0 -2720 -200 ) (0 -2720 -208 ) (0 -2840 -208 ) (0 -2840 -200 ) 
4 720 829 (0 -2732 -200 ) (0 -2840 -200 ) (0 -2840 -160 ) (0 -2732 -160 ) 
4 720 824 (0 -2720 -160 ) (0 -2720 -200 ) (0 -2732 -200 ) (0 -2732 -160 ) 
4 720 819 (0 -2840 -88 ) (0 -2720 -88 ) (0 -2720 -160 ) (0 -2840 -160 ) 
4 720 817 (0 -2720 -88 ) (0 -2488 -88 ) (0 -2488 -208 ) (0 -2720 -208 ) 
4 720 815 (0 -2488 -88 ) (0 -2400 -88 ) (0 -2400 -208 ) (0 -2488 -208 ) 
4 721 772 (80 -3072 -208 ) (80 -3072 -210 ) (184 -3072 -210 ) (184 -3072 -208 ) 
4 721 770 (184 -3072 -210 ) (264 -3072 -210 ) (264 -3072 -208 ) (184 -3072 -208 ) 
4 721 767 (80 -3072 -80 ) (80 -3072 -208 ) (168 -3072 -208 ) (168 -3072 -80 ) 
4 721 766 (168 -3072 -208 ) (184 -3072 -208 ) (184 -3072 -80 ) (168 -3072 -80 ) 
4 721 764 (184 -3072 -208 ) (264 -3072 -208 ) (264 -3072 -80 ) (184 -3072 -80 ) 
4 721 732 (80 -2848 -210 ) (264 -2848 -210 ) (264 -3072 -210 ) (80 -3072 -210 ) 
4 722 727 (1024 -2392 -216 ) (1024 -2392 -210 ) (728 -2392 -210 ) (728 -2392 -216 ) 
4 722 723 (728 -2048 -216 ) (728 -2392 -216 ) (728 -2392 -210 ) (728 -2048 -210 ) 
4 723 728 (728 -2392 -210 ) (600 -2392 -210 ) (600 -2392 -216 ) (728 -2392 -216 ) 
3 724 726 (592 -2081.500000 -210 ) (592 -2075 -210 ) (592 -2075 -212 ) 
4 724 725 (592 -2075 -210 ) (592 -2048 -210 ) (592 -2048 -212 ) (592 -2075 -212 ) 
4 725 726 (272 -2075 -210 ) (272 -2075 -212 ) (592 -2075 -212 ) (592 -2075 -210 ) 
4 727 729 (728 -2832 -216 ) (1016 -2832 -216 ) (1016 -2832 -210 ) (728 -2832 -210 ) 
4 727 728 (728 -2392 -210 ) (728 -2392 -216 ) (728 -2832 -216 ) (728 -2832 -210 ) 
4 728 729 (408 -2832 -216 ) (728 -2832 -216 ) (728 -2832 -210 ) (408 -2832 -210 ) 
4 729 730 (408 -2848 -216 ) (408 -2960 -216 ) (408 -2960 -210 ) (408 -2848 -210 ) 
4 730 731 (400 -2848 -216 ) (400 -2960 -216 ) (400 -2960 -210 ) (400 -2848 -210 ) 
4 731 732 (272 -2848 -210 ) (272 -2848 -216 ) (272 -2960 -216 ) (272 -2960 -210 ) 
4 732 772 (184 -3072 -210 ) (80 -3072 -210 ) (80 -3072 -216 ) (184 -3072 -216 ) 
4 732 770 (272 -3072 -210 ) (184 -3072 -210 ) (184 -3072 -216 ) (272 -3072 -216 ) 
4 733 734 (68 -2748 -544 ) (108 -2748 -544 ) (108 -2788 -544 ) (68 -2788 -544 ) 
4 734 735 (68 -2748 -576 ) (108 -2748 -576 ) (108 -2788 -576 ) (68 -2788 -576 ) 
4 735 849 (0 -2736 -696 ) (0 -2800 -696 ) (0 -2800 -576 ) (0 -2736 -576 ) 
4 735 848 (0 -2616 -696 ) (0 -2736 -696 ) (0 -2736 -576 ) (0 -2616 -576 ) 
4 735 845 (0 -2568 -696 ) (0 -2616 -696 ) (0 -2616 -588 ) (0 -2568 -588 ) 
4 735 844 (0 -2616 -588 ) (0 -2616 -576 ) (0 -2568 -576 ) (0 -2568 -588 ) 
4 735 842 (0 -2416 -696 ) (0 -2568 -696 ) (0 -2568 -576 ) (0 -2416 -576 ) 
4 735 736 (64 -2800 -696 ) (112 -2800 -696 ) (112 -2800 -588 ) (64 -2800 -588 ) 
4 736 737 (112 -2803 -696 ) (112 -2803 -588 ) (64 -2803 -588 ) (64 -2803 -696 ) 
4 737 738 (112 -2805 -696 ) (112 -2805 -588 ) (64 -2805 -588 ) (64 -2805 -696 ) 
4 738 742 (64 -2808 -588 ) (64 -2808 -696 ) (112 -2808 -696 ) (112 -2808 -588 ) 
4 739 740 (167.910004 -3036 -696 ) (344 -3036 -696 ) (344 -3036 -576 ) (167.910004 -3036 -576 ) 
4 740 780 (344 -3072 -696 ) (344 -3072 -576 ) (167.910004 -3072 -576 ) (167.910004 -3072 -696 ) 
4 740 741 (167.910004 -3036 -588 ) (167.910004 -3036 -696 ) (167.910004 -3072 -696 ) (167.910004 -3072 -588 ) 
4 741 781 (159.910004 -3072 -588 ) (159.910004 -3072 -696 ) (167.910004 -3072 -696 ) (167.910004 -3072 -588 ) 
4 741 742 (159.910004 -3036 -588 ) (159.910004 -3036 -696 ) (159.910004 -3072 -696 ) (159.910004 -3072 -588 ) 
4 742 782 (159.910004 -3072 -696 ) (159.910004 -3072 -576 ) (8 -3072 -576 ) (8 -3072 -696 ) 
4 742 743 (8 -3036 -696 ) (8 -3072 -696 ) (8 -3072 -588 ) (8 -3036 -588 ) 
4 743 850 (0 -3072 -696 ) (0 -3072 -588 ) (0 -3036 -588 ) (0 -3036 -696 ) 
4 743 783 (8 -3072 -696 ) (8 -3072 -588 ) (0 -3072 -588 ) (0 -3072 -696 ) 
4 744 746 (592 -3376 -56 ) (592 -3376 432 ) (592 -3072 432 ) (592 -3072 -56 ) 
4 744 745 (1024 -3376 -56 ) (600 -3376 -56 ) (600 -3072 -56 ) (1024 -3072 -56 ) 
4 745 758 (1024 -3272 -72 ) (1024 -3376 -72 ) (600 -3376 -72 ) (600 -3272 -72 ) 
4 745 747 (600 -3072 -72 ) (1024 -3072 -72 ) (1024 -3272 -72 ) (600 -3272 -72 ) 
4 747 758 (600 -3272 -100 ) (1024 -3272 -100 ) (1024 -3272 -72 ) (600 -3272 -72 ) 
4 747 750 (1024 -3272 -100 ) (600 -3272 -100 ) (600 -3248 -100 ) (1024 -3248 -100 ) 
4 747 749 (600 -3248 -100 ) (600 -3072 -100 ) (1024 -3072 -100 ) (1024 -3248 -100 ) 
5 747 748 (600 -3072 -100 ) (600 -3178.209961 -100 ) (600 -3158.004639 -88.574791 ) (600 -3103.994873 -77.715416 ) (600 -3072 -84.148392 ) 
4 748 757 (280 -3178.209961 -100 ) (280 -3072 -100 ) (313 -3072 -100 ) (313 -3178.209961 -100 ) 
4 748 754 (313 -3072 -100 ) (361 -3072 -100 ) (361 -3178.209961 -100 ) (313 -3178.209961 -100 ) 
4 748 751 (361 -3072 -100 ) (600 -3072 -100 ) (600 -3178.209961 -100 ) (361 -3178.209961 -100 ) 
4 749 752 (600 -3072 -208 ) (600 -3248 -208 ) (600 -3246.035156 -200 ) (600 -3072 -200 ) 
6 749 751 (600 -3206 -115.713936 ) (600 -3178.209961 -100 ) (600 -3072 -100 ) (600 -3072 -200 ) (600 -3246.035156 -200 ) (600 -3236 -159.144196 ) 
4 749 750 (600 -3248 -100 ) (600 -3248 -200 ) (1024 -3248 -200 ) (1024 -3248 -100 ) 
4 750 758 (1024 -3272 -200 ) (1024 -3272 -100 ) (600 -3272 -100 ) (600 -3272 -200 ) 
6 751 754 (361 -3206 -115.713966 ) (361 -3178.209961 -100 ) (361 -3072 -100 ) (361 -3072 -200 ) (361 -3246.035156 -200 ) (361 -3236 -159.144226 ) 
4 751 753 (361 -3246.035156 -200 ) (361 -3072 -200 ) (592 -3072 -200 ) (592 -3246.035156 -200 ) 
4 751 752 (592 -3072 -200 ) (600 -3072 -200 ) (600 -3246.035156 -200 ) (592 -3246.035156 -200 ) 
4 752 753 (592 -3072 -208 ) (592 -3248 -208 ) (592 -3246.035156 -200 ) (592 -3072 -200 ) 
4 753 754 (361 -3072 -208 ) (361 -3248 -208 ) (361 -3246.035156 -200 ) (361 -3072 -200 ) 
6 754 757 (313 -3072 -208 ) (313 -3248 -208 ) (313 -3236 -159.141083 ) (313 -3206 -115.715149 ) (313 -3178.209961 -100 ) (313 -3072 -100 ) 
4 754 755 (313 -3263 -100 ) (313 -3263 -208 ) (361 -3263 -208 ) (361 -3263 -100 ) 
4 755 756 (313 -3265 -100 ) (313 -3265 -208 ) (361 -3265 -208 ) (361 -3265 -100 ) 
4 756 761 (313 -3272 -208 ) (361 -3272 -208 ) (361 -3272 -100 ) (313 -3272 -100 ) 
4 759 760 (496 -3272 -80 ) (592 -3272 -80 ) (592 -3376 -80 ) (496 -3376 -80 ) 
4 760 769 (592 -3376 -208 ) (496 -3376 -208 ) (496 -3272 -208 ) (592 -3272 -208 ) 
4 761 774 (280 -3376 -80 ) (280 -3376 -120 ) (480 -3376 -120 ) (480 -3376 -80 ) 
4 761 775 (280 -3376 -120 ) (280 -3376 -208 ) (480 -3376 -208 ) (480 -3376 -120 ) 
4 761 765 (280 -3272 -208 ) (280 -3376 -208 ) (280 -3376 -80 ) (280 -3272 -80 ) 
4 762 763 (280 -3248 -80 ) (280 -3264 -80 ) (272 -3264 -80 ) (272 -3248 -80 ) 
4 763 764 (272 -3248 -208 ) (272 -3264 -208 ) (272 -3264 -80 ) (272 -3248 -80 ) 
4 764 770 (184 -3248 -208 ) (184 -3072 -208 ) (272 -3072 -208 ) (272 -3248 -208 ) 
4 764 766 (184 -3072 -208 ) (184 -3248 -208 ) (184 -3248 -80 ) (184 -3072 -80 ) 
4 765 774 (280 -3376 -120 ) (280 -3376 -80 ) (184 -3376 -80 ) (184 -3376 -120 ) 
4 765 775 (184 -3376 -208 ) (280 -3376 -208 ) (280 -3376 -120 ) (184 -3376 -120 ) 
4 766 772 (168 -3248 -208 ) (168 -3072 -208 ) (184 -3072 -208 ) (184 -3248 -208 ) 
4 766 767 (168 -3072 -208 ) (168 -3248 -208 ) (168 -3248 -80 ) (168 -3072 -80 ) 
4 767 773 (168 -3376 -208 ) (80 -3376 -208 ) (80 -3248 -208 ) (168 -3248 -208 ) 
4 767 772 (80 -3248 -208 ) (80 -3072 -208 ) (168 -3072 -208 ) (168 -3248 -208 ) 
4 768 769 (496 -3272 -216 ) (1024 -3272 -216 ) (1024 -3272 -208 ) (496 -3272 -208 ) 
4 770 772 (184 -3248 -208 ) (184 -3072 -208 ) (184 -3072 -216 ) (184 -3248 -216 ) 
4 771 787 (480 -3344 -312 ) (480 -3376 -312 ) (184 -3376 -312 ) (184 -3344 -312 ) 
4 771 776 (184 -3376 -312 ) (480 -3376 -312 ) (480 -3376 -216 ) (184 -3376 -216 ) 
4 772 773 (80 -3248 -208 ) (80 -3248 -216 ) (168 -3248 -216 ) (168 -3248 -208 ) 
4 774 775 (184 -3552 -120 ) (184 -3376 -120 ) (480 -3376 -120 ) (480 -3552 -120 ) 
4 775 779 (308 -3808 -208 ) (356 -3808 -208 ) (356 -3808 -196 ) (308 -3808 -196 ) 
4 775 778 (184 -3808 -208 ) (184 -3648 -208 ) (480 -3648 -208 ) (480 -3808 -208 ) 
4 775 777 (184 -3648 -208 ) (184 -3504 -208 ) (480 -3504 -208 ) (480 -3648 -208 ) 
4 776 787 (184 -3376 -312 ) (480 -3376 -312 ) (480 -3504 -312 ) (184 -3504 -312 ) 
4 776 777 (480 -3504 -312 ) (480 -3504 -216 ) (184 -3504 -216 ) (184 -3504 -312 ) 
4 777 789 (480 -3504 -312 ) (480 -3648 -312 ) (184 -3648 -312 ) (184 -3504 -312 ) 
4 777 778 (480 -3648 -304 ) (480 -3648 -208 ) (184 -3648 -208 ) (184 -3648 -304 ) 
4 778 779 (356 -3808 -208 ) (308 -3808 -208 ) (308 -3808 -304 ) (356 -3808 -304 ) 
4 780 781 (167.910004 -3072 -588 ) (167.910004 -3072 -696 ) (167.910004 -3084 -696 ) (167.910004 -3084 -588 ) 
4 781 782 (159.910004 -3072 -588 ) (159.910004 -3072 -696 ) (159.910004 -3084 -696 ) (159.910004 -3084 -588 ) 
4 782 784 (64 -3312 -696 ) (112 -3312 -696 ) (112 -3312 -588 ) (64 -3312 -588 ) 
4 782 783 (8 -3072 -588 ) (8 -3072 -696 ) (8 -3084 -696 ) (8 -3084 -588 ) 
4 783 882 (0 -3084 -696 ) (0 -3084 -588 ) (0 -3072 -588 ) (0 -3072 -696 ) 
4 784 785 (112 -3315 -696 ) (112 -3315 -588 ) (64 -3315 -588 ) (64 -3315 -696 ) 
4 785 786 (112 -3317 -696 ) (112 -3317 -588 ) (64 -3317 -588 ) (64 -3317 -696 ) 
4 786 799 (64 -3320 -588 ) (64 -3320 -696 ) (112 -3320 -696 ) (112 -3320 -588 ) 
4 787 789 (184 -3504 -312 ) (184 -3504 -400 ) (480 -3504 -400 ) (480 -3504 -312 ) 
4 788 789 (184 -3504 -408 ) (184 -3504 -496 ) (480 -3504 -496 ) (480 -3504 -408 ) 
4 789 790 (308 -3808 -496 ) (356 -3808 -496 ) (356 -3808 -388 ) (308 -3808 -388 ) 
4 790 791 (308 -3816 -496 ) (356 -3816 -496 ) (356 -3816 -388 ) (308 -3816 -388 ) 
4 791 793 (400 -4028 -388 ) (400 -4028 -368 ) (264 -4028 -368 ) (264 -4028 -388 ) 
4 791 795 (264 -4028 -496 ) (400 -4028 -496 ) (400 -4028 -388 ) (264 -4028 -388 ) 
4 792 884 (0 -4028 -368 ) (0 -3816 -368 ) (0 -3816 -496 ) (0 -4028 -496 ) 
4 792 794 (256 -4028 -388 ) (256 -4028 -368 ) (0 -4028 -368 ) (0 -4028 -388 ) 
4 792 795 (0 -4028 -496 ) (256 -4028 -496 ) (256 -4028 -388 ) (0 -4028 -388 ) 
4 793 796 (400 -4076 -368 ) (264 -4076 -368 ) (264 -4076 -388 ) (400 -4076 -388 ) 
4 793 795 (264 -4028 -388 ) (400 -4028 -388 ) (400 -4076 -388 ) (264 -4076 -388 ) 
4 794 884 (0 -4076 -368 ) (0 -4028 -368 ) (0 -4028 -388 ) (0 -4076 -388 ) 
4 794 797 (256 -4076 -368 ) (0 -4076 -368 ) (0 -4076 -388 ) (256 -4076 -388 ) 
4 794 795 (0 -4028 -388 ) (256 -4028 -388 ) (256 -4076 -388 ) (0 -4076 -388 ) 
4 795 884 (0 -4028 -388 ) (0 -4028 -496 ) (0 -4076 -496 ) (0 -4076 -388 ) 
4 795 796 (264 -4076 -496 ) (400 -4076 -496 ) (400 -4076 -388 ) (264 -4076 -388 ) 
4 795 797 (0 -4076 -496 ) (256 -4076 -496 ) (256 -4076 -388 ) (0 -4076 -388 ) 
4 796 911 (400 -4096 -368 ) (264 -4096 -368 ) (264 -4096 -496 ) (400 -4096 -496 ) 
4 797 914 (256 -4096 -368 ) (0 -4096 -368 ) (0 -4096 -496 ) (256 -4096 -496 ) 
4 797 884 (0 -4096 -496 ) (0 -4096 -368 ) (0 -4076 -368 ) (0 -4076 -496 ) 
4 798 802 (264 -3720 -696 ) (264 -3720 -576 ) (200 -3720 -576 ) (200 -3720 -696 ) 
4 798 799 (200 -3384 -696 ) (200 -3720 -696 ) (200 -3720 -576 ) (200 -3384 -576 ) 
4 799 894 (0 -3720 -696 ) (0 -3720 -576 ) (0 -3384 -576 ) (0 -3384 -696 ) 
4 799 883 (0 -3384 -576 ) (0 -3320 -576 ) (0 -3320 -696 ) (0 -3384 -696 ) 
4 799 802 (200 -3720 -576 ) (0 -3720 -576 ) (0 -3720 -696 ) (200 -3720 -696 ) 
4 800 895 (0 -3728 -568 ) (0 -3728 -560 ) (0 -3720 -560 ) (0 -3720 -568 ) 
4 800 803 (264 -3728 -560 ) (0 -3728 -560 ) (0 -3728 -568 ) (264 -3728 -568 ) 
4 800 801 (0 -3720 -568 ) (264 -3720 -568 ) (264 -3728 -568 ) (0 -3728 -568 ) 
4 801 896 (0 -3728 -576 ) (0 -3728 -568 ) (0 -3720 -568 ) (0 -3720 -576 ) 
4 801 805 (0 -3728 -568 ) (0 -3728 -576 ) (264 -3728 -576 ) (264 -3728 -568 ) 
4 801 802 (0 -3720 -576 ) (264 -3720 -576 ) (264 -3728 -576 ) (0 -3728 -576 ) 
4 802 897 (0 -3728 -696 ) (0 -3728 -576 ) (0 -3720 -576 ) (0 -3720 -696 ) 
4 802 805 (0 -3728 -576 ) (0 -3728 -696 ) (264 -3728 -696 ) (264 -3728 -576 ) 
4 803 919 (272 -4096 -560 ) (0 -4096 -560 ) (0 -4096 -568 ) (272 -4096 -568 ) 
4 803 898 (0 -4096 -568 ) (0 -4096 -560 ) (0 -3728 -560 ) (0 -3728 -568 ) 
4 803 809 (0 -4096 -568 ) (0 -3736 -568 ) (264 -3736 -568 ) (264 -4096 -568 ) 
4 803 808 (264 -3736 -568 ) (272 -3736 -568 ) (272 -4096 -568 ) (264 -4096 -568 ) 
4 803 805 (0 -3736 -568 ) (0 -3728 -568 ) (264 -3728 -568 ) (264 -3736 -568 ) 
4 803 804 (264 -3728 -568 ) (272 -3728 -568 ) (272 -3736 -568 ) (264 -3736 -568 ) 
4 804 808 (272 -3736 -696 ) (272 -3736 -568 ) (264 -3736 -568 ) (264 -3736 -696 ) 
4 804 806 (272 -3736 -696 ) (264 -3736 -696 ) (264 -3728 -696 ) (272 -3728 -696 ) 
4 804 805 (264 -3728 -696 ) (264 -3736 -696 ) (264 -3736 -568 ) (264 -3728 -568 ) 
4 805 899 (0 -3736 -568 ) (0 -3728 -568 ) (0 -3728 -696 ) (0 -3736 -696 ) 
4 805 809 (264 -3736 -568 ) (0 -3736 -568 ) (0 -3736 -696 ) (264 -3736 -696 ) 
4 805 807 (264 -3736 -696 ) (0 -3736 -696 ) (0 -3728 -696 ) (264 -3728 -696 ) 
4 806 808 (264 -3736 -2056 ) (272 -3736 -2056 ) (272 -3736 -696 ) (264 -3736 -696 ) 
4 806 810 (264 -3728 -2056 ) (272 -3728 -2056 ) (272 -3736 -2056 ) (264 -3736 -2056 ) 
4 806 807 (264 -3728 -2056 ) (264 -3736 -2056 ) (264 -3736 -696 ) (264 -3728 -696 ) 
4 807 900 (0 -3728 -696 ) (0 -3728 -2056 ) (0 -3736 -2056 ) (0 -3736 -696 ) 
4 807 809 (0 -3736 -2056 ) (264 -3736 -2056 ) (264 -3736 -696 ) (0 -3736 -696 ) 
4 807 810 (0 -3728 -2056 ) (264 -3728 -2056 ) (264 -3736 -2056 ) (0 -3736 -2056 ) 
4 808 920 (264 -4096 -2056 ) (272 -4096 -2056 ) (272 -4096 -568 ) (264 -4096 -568 ) 
4 808 810 (272 -3736 -2056 ) (272 -4096 -2056 ) (264 -4096 -2056 ) (264 -3736 -2056 ) 
4 808 809 (264 -3736 -568 ) (264 -3736 -2056 ) (264 -4096 -2056 ) (264 -4096 -568 ) 
4 809 921 (0 -4096 -568 ) (0 -4096 -2056 ) (264 -4096 -2056 ) (264 -4096 -568 ) 
4 809 903 (0 -4096 -2056 ) (0 -4096 -568 ) (0 -3736 -568 ) (0 -3736 -2056 ) 
4 809 810 (264 -4096 -2056 ) (0 -4096 -2056 ) (0 -3736 -2056 ) (264 -3736 -2056 ) 
4 810 923 (0 -4096 -2056 ) (0 -4096 -2064 ) (272 -4096 -2064 ) (272 -4096 -2056 ) 
4 810 905 (0 -4096 -2064 ) (0 -4096 -2056 ) (0 -3728 -2056 ) (0 -3728 -2064 ) 
4 811 851 (-552 -2048 -320 ) (-280 -2048 -320 ) (-280 -2148 -320 ) (-552 -2148 -320 ) 
4 811 812 (-280 -2148 -312 ) (-280 -2148 -168 ) (-552 -2148 -168 ) (-552 -2148 -312 ) 
4 812 813 (-440 -2304 -204 ) (-440 -2304 -312 ) (-392 -2304 -312 ) (-392 -2304 -204 ) 
4 813 814 (-440 -2312 -312 ) (-392 -2312 -312 ) (-392 -2312 -204 ) (-440 -2312 -204 ) 
4 814 816 (-320 -2400 -312 ) (-320 -2400 -88 ) (-512 -2400 -88 ) (-512 -2400 -312 ) 
4 815 817 (0 -2488 -208 ) (0 -2488 -88 ) (-56 -2488 -88 ) (-56 -2488 -208 ) 
4 816 818 (-192 -2488 -312 ) (-192 -2488 -88 ) (-640 -2488 -88 ) (-640 -2488 -312 ) 
4 817 838 (0 -2720 -208 ) (0 -2720 -200 ) (-56 -2720 -200 ) (-56 -2720 -208 ) 
4 817 824 (0 -2720 -200 ) (0 -2720 -160 ) (-56 -2720 -160 ) (-56 -2720 -200 ) 
4 817 819 (0 -2720 -160 ) (0 -2720 -88 ) (-56 -2720 -88 ) (-56 -2720 -160 ) 
4 818 841 (-768 -2720 -208 ) (-768 -2720 -312 ) (-72 -2720 -312 ) (-72 -2720 -208 ) 
4 818 840 (-768 -2720 -200 ) (-768 -2720 -208 ) (-576 -2720 -208 ) (-576 -2720 -200 ) 
4 818 828 (-768 -2720 -160 ) (-768 -2720 -200 ) (-576 -2720 -200 ) (-576 -2720 -160 ) 
4 818 827 (-476 -2720 -192 ) (-476 -2720 -164 ) (-524 -2720 -164 ) (-524 -2720 -192 ) 
4 818 826 (-284 -2720 -192 ) (-284 -2720 -164 ) (-332 -2720 -164 ) (-332 -2720 -192 ) 
4 818 825 (-92 -2720 -192 ) (-92 -2720 -164 ) (-140 -2720 -164 ) (-140 -2720 -192 ) 
4 818 823 (-576 -2720 -88 ) (-768 -2720 -88 ) (-768 -2720 -160 ) (-576 -2720 -160 ) 
4 818 822 (-512 -2720 -88 ) (-576 -2720 -88 ) (-576 -2720 -152 ) (-512 -2720 -152 ) 
4 818 820 (-72 -2720 -88 ) (-512 -2720 -88 ) (-512 -2720 -152 ) (-72 -2720 -152 ) 
4 819 829 (-56 -2840 -160 ) (-56 -2732 -160 ) (0 -2732 -160 ) (0 -2840 -160 ) 
4 819 824 (-56 -2732 -160 ) (-56 -2720 -160 ) (0 -2720 -160 ) (0 -2732 -160 ) 
4 820 822 (-512 -2784 -152 ) (-512 -2784 -88 ) (-512 -2720 -88 ) (-512 -2720 -152 ) 
4 820 821 (-512 -2784 -88 ) (-512 -2784 -152 ) (-72 -2784 -152 ) (-72 -2784 -88 ) 
4 821 832 (-512 -2792 -160 ) (-512 -2784 -160 ) (-72 -2784 -160 ) (-72 -2792 -160 ) 
4 821 822 (-512 -2792 -152 ) (-512 -2792 -88 ) (-512 -2784 -88 ) (-512 -2784 -152 ) 
4 822 823 (-576 -2792 -88 ) (-576 -2720 -88 ) (-576 -2720 -152 ) (-576 -2792 -152 ) 
4 823 837 (-768 -2792 -160 ) (-768 -2732 -160 ) (-576 -2732 -160 ) (-576 -2792 -160 ) 
4 823 828 (-768 -2732 -160 ) (-768 -2720 -160 ) (-576 -2720 -160 ) (-576 -2732 -160 ) 
4 824 838 (-56 -2720 -200 ) (0 -2720 -200 ) (0 -2732 -200 ) (-56 -2732 -200 ) 
4 824 829 (-56 -2732 -200 ) (0 -2732 -200 ) (0 -2732 -160 ) (-56 -2732 -160 ) 
4 825 831 (-92 -2732 -192 ) (-92 -2732 -164 ) (-140 -2732 -164 ) (-140 -2732 -192 ) 
4 826 831 (-284 -2732 -192 ) (-284 -2732 -164 ) (-332 -2732 -164 ) (-332 -2732 -192 ) 
4 827 834 (-520 -2732 -164 ) (-524 -2732 -164 ) (-524 -2732 -192 ) (-520 -2732 -192 ) 
4 827 833 (-512 -2732 -164 ) (-520 -2732 -164 ) (-520 -2732 -192 ) (-512 -2732 -192 ) 
4 827 831 (-476 -2732 -192 ) (-476 -2732 -164 ) (-512 -2732 -164 ) (-512 -2732 -192 ) 
4 828 840 (-768 -2720 -200 ) (-576 -2720 -200 ) (-576 -2732 -200 ) (-768 -2732 -200 ) 
4 828 837 (-768 -2732 -200 ) (-576 -2732 -200 ) (-576 -2732 -160 ) (-768 -2732 -160 ) 
4 829 838 (-56 -2732 -200 ) (0 -2732 -200 ) (0 -2840 -200 ) (-56 -2840 -200 ) 
4 829 830 (-56 -2732 -160 ) (-56 -2732 -200 ) (-56 -2772 -200 ) (-56 -2772 -160 ) 
4 830 831 (-64 -2732 -160 ) (-64 -2732 -200 ) (-64 -2772 -200 ) (-64 -2772 -160 ) 
4 831 833 (-512 -2732 -160 ) (-512 -2732 -200 ) (-512 -2772 -200 ) (-512 -2772 -160 ) 
4 832 839 (-72 -2792 -200 ) (-512 -2792 -200 ) (-512 -2784 -200 ) (-72 -2784 -200 ) 
4 833 834 (-520 -2732 -160 ) (-520 -2732 -200 ) (-520 -2772 -200 ) (-520 -2772 -160 ) 
4 834 835 (-568 -2792 -160 ) (-568 -2792 -200 ) (-520 -2792 -200 ) (-520 -2792 -160 ) 
4 835 836 (-568 -2800 -160 ) (-568 -2800 -200 ) (-520 -2800 -200 ) (-520 -2800 -160 ) 
4 836 872 (-520 -3072 -160 ) (-568 -3072 -160 ) (-568 -3072 -200 ) (-520 -3072 -200 ) 
4 837 840 (-768 -2732 -200 ) (-576 -2732 -200 ) (-576 -2792 -200 ) (-768 -2792 -200 ) 
4 839 841 (-512 -2792 -208 ) (-512 -2784 -208 ) (-72 -2784 -208 ) (-72 -2792 -208 ) 
4 840 841 (-768 -2720 -208 ) (-576 -2720 -208 ) (-576 -2792 -208 ) (-768 -2792 -208 ) 
4 842 845 (-80 -2568 -696 ) (0 -2568 -696 ) (0 -2568 -588 ) (-80 -2568 -588 ) 
4 842 844 (0 -2568 -588 ) (0 -2568 -576 ) (-80 -2568 -576 ) (-80 -2568 -588 ) 
4 842 843 (-80 -2568 -696 ) (-80 -2568 -576 ) (-80 -2480 -576 ) (-80 -2480 -696 ) 
4 843 845 (-144 -2568 -696 ) (-80 -2568 -696 ) (-80 -2568 -588 ) (-144 -2568 -588 ) 
4 843 844 (-80 -2568 -588 ) (-80 -2568 -576 ) (-144 -2568 -576 ) (-144 -2568 -588 ) 
4 844 848 (-144 -2616 -588 ) (0 -2616 -588 ) (0 -2616 -576 ) (-144 -2616 -576 ) 
4 844 845 (0 -2616 -588 ) (-144 -2616 -588 ) (-144 -2568 -588 ) (0 -2568 -588 ) 
4 845 848 (-144 -2616 -696 ) (0 -2616 -696 ) (0 -2616 -588 ) (-144 -2616 -588 ) 
4 845 846 (-147 -2616 -696 ) (-147 -2616 -588 ) (-147 -2568 -588 ) (-147 -2568 -696 ) 
4 846 847 (-149 -2616 -696 ) (-149 -2616 -588 ) (-149 -2568 -588 ) (-149 -2568 -696 ) 
4 847 854 (-152 -2568 -588 ) (-152 -2568 -696 ) (-152 -2616 -696 ) (-152 -2616 -588 ) 
4 848 849 (-80 -2736 -696 ) (0 -2736 -696 ) (0 -2736 -576 ) (-80 -2736 -576 ) 
4 850 882 (0 -3072 -696 ) (0 -3072 -576 ) (-152 -3072 -576 ) (-152 -3072 -696 ) 
4 850 857 (-152 -3072 -696 ) (-152 -3072 -576 ) (-152 -2984 -576 ) (-152 -2984 -696 ) 
4 852 853 (-428 -2512.090332 -588 ) (-428 -2512.090332 -696 ) (-380 -2512.090332 -696 ) (-380 -2512.090332 -588 ) 
4 853 854 (-428 -2520.090332 -588 ) (-428 -2520.090332 -696 ) (-380 -2520.090332 -696 ) (-380 -2520.090332 -588 ) 
4 854 860 (-656 -2568 -588 ) (-656 -2568 -696 ) (-656 -2616 -696 ) (-656 -2616 -588 ) 
4 854 855 (-428 -2672 -696 ) (-380 -2672 -696 ) (-380 -2672 -588 ) (-428 -2672 -588 ) 
4 855 856 (-428 -2680 -696 ) (-380 -2680 -696 ) (-380 -2680 -588 ) (-428 -2680 -588 ) 
4 857 882 (-152 -3072 -696 ) (-152 -3072 -576 ) (-252 -3072 -576 ) (-252 -3072 -696 ) 
4 858 875 (-320 -3072 -552 ) (-320 -3072 -400 ) (-656 -3072 -400 ) (-656 -3072 -552 ) 
4 858 868 (-656 -2944 -552 ) (-656 -3072 -552 ) (-656 -3072 -400 ) (-656 -2944 -400 ) 
4 859 867 (-875 -2936 -504 ) (-915 -2936 -504 ) (-915 -2936 -544 ) (-875 -2936 -544 ) 
4 859 863 (-916 -2396 -544 ) (-876 -2396 -544 ) (-876 -2436 -544 ) (-916 -2436 -544 ) 
4 860 861 (-659 -2616 -696 ) (-659 -2616 -588 ) (-659 -2568 -588 ) (-659 -2568 -696 ) 
4 861 862 (-661 -2616 -696 ) (-661 -2616 -588 ) (-661 -2568 -588 ) (-661 -2568 -696 ) 
4 862 865 (-664 -2568 -696 ) (-664 -2616 -696 ) (-664 -2616 -588 ) (-664 -2568 -588 ) 
4 863 864 (-916 -2436 -552 ) (-916 -2396 -552 ) (-876 -2396 -552 ) (-876 -2436 -552 ) 
4 864 866 (-876 -2436 -576 ) (-916 -2436 -576 ) (-916 -2396 -576 ) (-876 -2396 -576 ) 
4 865 866 (-728 -2448 -696 ) (-728 -2704 -696 ) (-728 -2704 -576 ) (-728 -2448 -576 ) 
4 866 870 (-1024 -2384 -696 ) (-1024 -2768 -696 ) (-1024 -2768 -576 ) (-1024 -2384 -576 ) 
4 867 869 (-875 -2944 -504 ) (-915 -2944 -504 ) (-915 -2944 -544 ) (-875 -2944 -544 ) 
4 868 875 (-656 -3072 -552 ) (-656 -3072 -400 ) (-760 -3072 -400 ) (-760 -3072 -552 ) 
4 869 880 (-907 -3072 -400 ) (-1024 -3072 -400 ) (-1024 -3072 -552 ) (-907 -3072 -552 ) 
4 869 879 (-768 -3072 -552 ) (-768 -3072 -400 ) (-907 -3072 -400 ) (-907 -3072 -552 ) 
4 869 871 (-1024 -3072 -552 ) (-1024 -3072 -400 ) (-1024 -2944 -400 ) (-1024 -2944 -552 ) 
4 871 906 (-1024 -3072 -552 ) (-1024 -3072 -400 ) (-1408 -3072 -400 ) (-1408 -3072 -552 ) 
4 872 873 (-524 -3140 -200 ) (-524 -3180 -200 ) (-564 -3180 -200 ) (-564 -3140 -200 ) 
4 873 874 (-564 -3140 -204.975998 ) (-524 -3140 -204.975998 ) (-524 -3180 -204.975998 ) (-564 -3180 -204.975998 ) 
4 874 875 (-564 -3180 -400 ) (-564 -3140 -400 ) (-524 -3140 -400 ) (-524 -3180 -400 ) 
4 875 876 (-760 -3160 -552 ) (-760 -3208 -552 ) (-760 -3208 -440 ) (-760 -3160 -440 ) 
4 876 877 (-762 -3208 -552 ) (-762 -3208 -440 ) (-762 -3160 -440 ) (-762 -3160 -552 ) 
4 877 878 (-766 -3208 -552 ) (-766 -3208 -440 ) (-766 -3160 -440 ) (-766 -3160 -552 ) 
4 878 879 (-768 -3160 -552 ) (-768 -3208 -552 ) (-768 -3208 -440 ) (-768 -3160 -440 ) 
4 879 880 (-907 -3072 -552 ) (-907 -3376 -552 ) (-907 -3376 -400 ) (-907 -3072 -400 ) 
4 880 906 (-1024 -3072 -400 ) (-1024 -3072 -552 ) (-1024 -3376 -552 ) (-1024 -3376 -400 ) 
4 880 881 (-907 -3376 -504 ) (-907 -3376 -456 ) (-1024 -3376 -456 ) (-1024 -3376 -504 ) 
4 881 907 (-1024 -3384 -504 ) (-1024 -3384 -456 ) (-1024 -3376 -456 ) (-1024 -3376 -504 ) 
4 881 886 (-1024 -3384 -456 ) (-1024 -3384 -504 ) (-907 -3384 -504 ) (-907 -3384 -456 ) 
4 883 894 (0 -3384 -696 ) (0 -3384 -576 ) (-56 -3384 -576 ) (-56 -3384 -696 ) 
4 884 925 (0 -4096 -496 ) (0 -4096 -368 ) (-192 -4096 -368 ) (-192 -4096 -496 ) 
4 885 924 (-1024 -4096 -272.738464 ) (-1024 -4096 -368 ) (-648 -4096 -368 ) (-648 -4096 -319.015381 ) 
4 885 910 (-1024 -4096 -368 ) (-1024 -4096 -272.738464 ) (-1024 -3384 -272.738464 ) (-1024 -3384 -368 ) 
4 885 886 (-1024 -4096 -368 ) (-1024 -3384 -368 ) (-648 -3384 -368 ) (-648 -4096 -368 ) 
4 886 926 (-1024 -4096 -368 ) (-1024 -4096 -504 ) (-648 -4096 -504 ) (-648 -4096 -368 ) 
4 886 910 (-1024 -4096 -504 ) (-1024 -4096 -368 ) (-1024 -3384 -368 ) (-1024 -3384 -504 ) 
4 886 890 (-648 -4096 -504 ) (-1024 -4096 -504 ) (-1024 -3576 -504 ) (-648 -3576 -504 ) 
4 886 889 (-1024 -3576 -504 ) (-1024 -3528 -504 ) (-648 -3528 -504 ) (-648 -3576 -504 ) 
4 886 887 (-1024 -3528 -504 ) (-1024 -3384 -504 ) (-648 -3384 -504 ) (-648 -3528 -504 ) 
4 887 910 (-1024 -3528 -504 ) (-1024 -3384 -504 ) (-1024 -3384 -544 ) (-1024 -3528 -544 ) 
4 887 892 (-1024 -3384 -544 ) (-648 -3384 -544 ) (-648 -3528 -544 ) (-1024 -3528 -544 ) 
4 887 889 (-1024 -3528 -544 ) (-648 -3528 -544 ) (-648 -3528 -504 ) (-1024 -3528 -504 ) 
4 888 891 (-108 -3572 -544 ) (-108 -3532 -544 ) (-68 -3532 -544 ) (-68 -3572 -544 ) 
4 889 910 (-1024 -3576 -504 ) (-1024 -3528 -504 ) (-1024 -3528 -544 ) (-1024 -3576 -544 ) 
4 889 892 (-648 -3576 -544 ) (-1024 -3576 -544 ) (-1024 -3528 -544 ) (-648 -3528 -544 ) 
4 889 890 (-1024 -3576 -544 ) (-648 -3576 -544 ) (-648 -3576 -504 ) (-1024 -3576 -504 ) 
4 890 926 (-648 -4096 -504 ) (-1024 -4096 -504 ) (-1024 -4096 -544 ) (-648 -4096 -544 ) 
4 890 910 (-1024 -4096 -544 ) (-1024 -4096 -504 ) (-1024 -3576 -504 ) (-1024 -3576 -544 ) 
4 890 892 (-648 -4096 -544 ) (-1024 -4096 -544 ) (-1024 -3576 -544 ) (-648 -3576 -544 ) 
4 891 893 (-108 -3572 -560 ) (-108 -3532 -560 ) (-68 -3532 -560 ) (-68 -3572 -560 ) 
4 892 926 (-648 -4096 -544 ) (-1024 -4096 -544 ) (-1024 -4096 -552 ) (-648 -4096 -552 ) 
4 892 910 (-1024 -4096 -552 ) (-1024 -4096 -544 ) (-1024 -3384 -544 ) (-1024 -3384 -552 ) 
4 893 894 (-108 -3572 -576 ) (-108 -3532 -576 ) (-68 -3532 -576 ) (-68 -3572 -576 ) 
4 894 897 (0 -3720 -696 ) (0 -3720 -576 ) (-120 -3720 -576 ) (-120 -3720 -696 ) 
4 895 898 (0 -3728 -568 ) (0 -3728 -560 ) (-120 -3728 -560 ) (-120 -3728 -568 ) 
4 895 896 (0 -3728 -568 ) (-120 -3728 -568 ) (-120 -3720 -568 ) (0 -3720 -568 ) 
4 896 899 (0 -3728 -576 ) (0 -3728 -568 ) (-120 -3728 -568 ) (-120 -3728 -576 ) 
4 896 897 (0 -3728 -576 ) (-120 -3728 -576 ) (-120 -3720 -576 ) (0 -3720 -576 ) 
4 897 899 (0 -3728 -696 ) (0 -3728 -576 ) (-120 -3728 -576 ) (-120 -3728 -696 ) 
4 898 932 (0 -4096 -568 ) (0 -4096 -560 ) (-128 -4096 -560 ) (-128 -4096 -568 ) 
4 898 904 (-120 -4096 -568 ) (-128 -4096 -568 ) (-128 -3736 -568 ) (-120 -3736 -568 ) 
4 898 903 (0 -4096 -568 ) (-120 -4096 -568 ) (-120 -3736 -568 ) (0 -3736 -568 ) 
4 898 901 (-128 -3736 -568 ) (-128 -3728 -568 ) (-120 -3728 -568 ) (-120 -3736 -568 ) 
4 898 899 (-120 -3728 -568 ) (0 -3728 -568 ) (0 -3736 -568 ) (-120 -3736 -568 ) 
4 899 903 (0 -3736 -696 ) (0 -3736 -568 ) (-120 -3736 -568 ) (-120 -3736 -696 ) 
4 899 901 (-120 -3736 -696 ) (-120 -3736 -568 ) (-120 -3728 -568 ) (-120 -3728 -696 ) 
4 899 900 (0 -3736 -696 ) (-120 -3736 -696 ) (-120 -3728 -696 ) (0 -3728 -696 ) 
4 900 903 (-120 -3736 -2056 ) (0 -3736 -2056 ) (0 -3736 -696 ) (-120 -3736 -696 ) 
4 900 902 (-120 -3728 -2056 ) (-120 -3736 -2056 ) (-120 -3736 -696 ) (-120 -3728 -696 ) 
4 900 905 (-120 -3728 -2056 ) (0 -3728 -2056 ) (0 -3736 -2056 ) (-120 -3736 -2056 ) 
4 901 904 (-120 -3736 -696 ) (-120 -3736 -568 ) (-128 -3736 -568 ) (-128 -3736 -696 ) 
4 901 902 (-120 -3728 -696 ) (-120 -3736 -696 ) (-128 -3736 -696 ) (-128 -3728 -696 ) 
4 902 904 (-128 -3736 -2056 ) (-120 -3736 -2056 ) (-120 -3736 -696 ) (-128 -3736 -696 ) 
4 902 905 (-128 -3736 -2056 ) (-128 -3728 -2056 ) (-120 -3728 -2056 ) (-120 -3736 -2056 ) 
4 903 933 (0 -4096 -2056 ) (0 -4096 -568 ) (-120 -4096 -568 ) (-120 -4096 -2056 ) 
4 903 905 (-120 -3736 -2056 ) (0 -3736 -2056 ) (0 -4096 -2056 ) (-120 -4096 -2056 ) 
4 903 904 (-120 -3736 -568 ) (-120 -3736 -2056 ) (-120 -4096 -2056 ) (-120 -4096 -568 ) 
4 904 934 (-120 -4096 -568 ) (-128 -4096 -568 ) (-128 -4096 -2056 ) (-120 -4096 -2056 ) 
4 904 905 (-128 -4096 -2056 ) (-128 -3736 -2056 ) (-120 -3736 -2056 ) (-120 -4096 -2056 ) 
4 905 936 (0 -4096 -2064 ) (0 -4096 -2056 ) (-128 -4096 -2056 ) (-128 -4096 -2064 ) 
4 906 909 (-1321 -3376 -444 ) (-1321 -3376 -552 ) (-1273 -3376 -552 ) (-1273 -3376 -444 ) 
4 906 908 (-1191 -3376 -456 ) (-1191 -3376 -504 ) (-1061 -3376 -504 ) (-1061 -3376 -456 ) 
4 906 907 (-1024 -3376 -504 ) (-1024 -3376 -456 ) (-1037 -3376 -456 ) (-1037 -3376 -504 ) 
4 907 910 (-1024 -3384 -504 ) (-1024 -3384 -456 ) (-1037 -3384 -456 ) (-1037 -3384 -504 ) 
4 908 910 (-1061 -3384 -504 ) (-1061 -3384 -456 ) (-1191 -3384 -456 ) (-1191 -3384 -504 ) 
4 909 910 (-1273 -3384 -552 ) (-1273 -3384 -444 ) (-1321 -3384 -444 ) (-1321 -3384 -552 ) 
5 910 937 (-1024 -4096 -552 ) (-1024 -4096 -272.738464 ) (-1160 -4096 -256 ) (-1672 -4096 -319.015381 ) (-1672 -4096 -552 ) 
4 911 912 (264 -4472 -368 ) (264 -4472 -496 ) (400 -4472 -496 ) (400 -4472 -368 ) 
4 912 916 (264 -4512 -496 ) (264 -4560 -496 ) (264 -4560 -388 ) (264 -4512 -388 ) 
4 912 913 (264 -4600 -368 ) (264 -4600 -496 ) (400 -4600 -496 ) (400 -4600 -368 ) 
4 914 925 (0 -4096 -368 ) (0 -4096 -496 ) (0 -4288 -496 ) (0 -4288 -368 ) 
4 915 931 (0 -4408 -496 ) (0 -4512 -496 ) (0 -4512 -368 ) (0 -4408 -368 ) 
4 915 929 (0 -4296 -496 ) (0 -4408 -496 ) (0 -4408 -368 ) (0 -4296 -368 ) 
4 915 917 (0 -4512 -496 ) (256 -4512 -496 ) (256 -4512 -368 ) (0 -4512 -368 ) 
4 916 917 (256 -4512 -388 ) (256 -4512 -496 ) (256 -4560 -496 ) (256 -4560 -388 ) 
4 917 931 (0 -4512 -496 ) (0 -4560 -496 ) (0 -4560 -368 ) (0 -4512 -368 ) 
4 917 918 (0 -4560 -496 ) (256 -4560 -496 ) (256 -4560 -368 ) (0 -4560 -368 ) 
4 918 931 (0 -4560 -496 ) (0 -4768 -496 ) (0 -4768 -368 ) (0 -4560 -368 ) 
4 919 932 (0 -4096 -560 ) (0 -4096 -568 ) (0 -4280 -568 ) (0 -4280 -560 ) 
4 919 921 (0 -4096 -568 ) (264 -4096 -568 ) (264 -4272 -568 ) (0 -4272 -568 ) 
4 919 920 (264 -4096 -568 ) (272 -4096 -568 ) (272 -4272 -568 ) (264 -4272 -568 ) 
4 919 922 (272 -4272 -568 ) (272 -4280 -568 ) (0 -4280 -568 ) (0 -4272 -568 ) 
4 920 922 (264 -4272 -2056 ) (272 -4272 -2056 ) (272 -4272 -568 ) (264 -4272 -568 ) 
4 920 923 (272 -4096 -2056 ) (272 -4272 -2056 ) (264 -4272 -2056 ) (264 -4096 -2056 ) 
4 920 921 (264 -4096 -2056 ) (264 -4272 -2056 ) (264 -4272 -568 ) (264 -4096 -568 ) 
4 921 933 (0 -4096 -568 ) (0 -4096 -2056 ) (0 -4272 -2056 ) (0 -4272 -568 ) 
4 921 922 (0 -4272 -2056 ) (264 -4272 -2056 ) (264 -4272 -568 ) (0 -4272 -568 ) 
4 921 923 (264 -4272 -2056 ) (0 -4272 -2056 ) (0 -4096 -2056 ) (264 -4096 -2056 ) 
4 922 935 (0 -4272 -2056 ) (0 -4280 -2056 ) (0 -4280 -568 ) (0 -4272 -568 ) 
4 922 923 (272 -4272 -2056 ) (272 -4280 -2056 ) (0 -4280 -2056 ) (0 -4272 -2056 ) 
4 923 936 (0 -4096 -2056 ) (0 -4096 -2064 ) (0 -4280 -2064 ) (0 -4280 -2056 ) 
4 924 937 (-1024 -4096 -272.738464 ) (-1024 -4096 -368 ) (-1024 -4288 -368 ) (-1024 -4288 -272.738464 ) 
4 924 927 (-1024 -4288 -272.738464 ) (-1024 -4288 -368 ) (-648 -4288 -368 ) (-648 -4288 -319.015381 ) 
4 924 926 (-648 -4288 -368 ) (-1024 -4288 -368 ) (-1024 -4096 -368 ) (-648 -4096 -368 ) 
4 926 937 (-1024 -4096 -368 ) (-1024 -4096 -552 ) (-1024 -4288 -552 ) (-1024 -4288 -368 ) 
4 926 927 (-1024 -4288 -552 ) (-648 -4288 -552 ) (-648 -4288 -368 ) (-1024 -4288 -368 ) 
4 927 937 (-1024 -4288 -552 ) (-1024 -4296 -552 ) (-1024 -4296 -272.738495 ) (-1024 -4288 -272.738464 ) 
4 927 930 (-1024 -4296 -368 ) (-1024 -4296 -552 ) (-648 -4296 -552 ) (-648 -4296 -368 ) 
4 927 928 (-1024 -4296 -272.738464 ) (-1024 -4296 -368 ) (-648 -4296 -368 ) (-648 -4296 -319.015381 ) 
4 928 937 (-1024 -4408 -368 ) (-1024 -4408 -272.738464 ) (-1024 -4296 -272.738464 ) (-1024 -4296 -368 ) 
4 928 930 (-648 -4408 -368 ) (-1024 -4408 -368 ) (-1024 -4296 -368 ) (-648 -4296 -368 ) 
4 929 931 (0 -4408 -496 ) (0 -4408 -368 ) (-192 -4408 -368 ) (-192 -4408 -496 ) 
4 930 937 (-1024 -4296 -552 ) (-1024 -4408 -552 ) (-1024 -4408 -368 ) (-1024 -4296 -368 ) 
4 932 934 (-128 -4272 -568 ) (-128 -4096 -568 ) (-120 -4096 -568 ) (-120 -4272 -568 ) 
4 932 933 (-120 -4096 -568 ) (0 -4096 -568 ) (0 -4272 -568 ) (-120 -4272 -568 ) 
4 932 935 (0 -4280 -568 ) (-128 -4280 -568 ) (-128 -4272 -568 ) (0 -4272 -568 ) 
4 933 935 (-120 -4272 -2056 ) (0 -4272 -2056 ) (0 -4272 -568 ) (-120 -4272 -568 ) 
4 933 936 (-120 -4096 -2056 ) (0 -4096 -2056 ) (0 -4272 -2056 ) (-120 -4272 -2056 ) 
4 933 934 (-120 -4096 -2056 ) (-120 -4272 -2056 ) (-120 -4272 -568 ) (-120 -4096 -568 ) 
4 934 935 (-128 -4272 -2056 ) (-120 -4272 -2056 ) (-120 -4272 -568 ) (-128 -4272 -568 ) 
4 934 936 (-128 -4272 -2056 ) (-128 -4096 -2056 ) (-120 -4096 -2056 ) (-120 -4272 -2056 ) 
4 935 936 (0 -4280 -2056 ) (-128 -4280 -2056 ) (-128 -4272 -2056 ) (0 -4272 -2056 ) 
4 938 953 (-3072 -2048 -320 ) (-3072 -2048 -504 ) (-3072 -2148 -504 ) (-3072 -2148 -320 ) 
5 938 951 (-3072 -2048 -192 ) (-3072 -2048 -320 ) (-3072 -2148 -320 ) (-3072 -2148 -168 ) (-3072 -2072 -168 ) 
4 938 941 (-2840 -2048 -504 ) (-2840 -2148 -504 ) (-3072 -2148 -504 ) (-3072 -2048 -504 ) 
4 938 939 (-2840 -2148 -312 ) (-2840 -2148 -168 ) (-3072 -2148 -168 ) (-3072 -2148 -312 ) 
4 938 940 (-3072 -2148 -504 ) (-2840 -2148 -504 ) (-2840 -2148 -320 ) (-3072 -2148 -320 ) 
4 939 952 (-3072 -2304 -312 ) (-3072 -2304 -168 ) (-3072 -2148 -168 ) (-3072 -2148 -312 ) 
4 939 946 (-3000 -2304 -312 ) (-2952 -2304 -312 ) (-2952 -2304 -204 ) (-3000 -2304 -204 ) 
4 940 954 (-3072 -2148 -504 ) (-3072 -2304 -504 ) (-3072 -2304 -320 ) (-3072 -2148 -320 ) 
4 941 953 (-3072 -2048 -504 ) (-3072 -2048 -512 ) (-3072 -2148 -512 ) (-3072 -2148 -504 ) 
4 941 942 (-3072 -2048 -512 ) (-2840 -2048 -512 ) (-2840 -2148 -512 ) (-3072 -2148 -512 ) 
4 942 955 (-3072 -2048 -512 ) (-3072 -2048 -792 ) (-3072 -2148 -792 ) (-3072 -2148 -512 ) 
4 942 943 (-2840 -2148 -696 ) (-2840 -2148 -512 ) (-3072 -2148 -512 ) (-3072 -2148 -696 ) 
4 942 944 (-3072 -2148 -792 ) (-2840 -2148 -792 ) (-2840 -2148 -704 ) (-3072 -2148 -704 ) 
4 943 956 (-3072 -2304 -696 ) (-3072 -2304 -512 ) (-3072 -2148 -512 ) (-3072 -2148 -696 ) 
4 944 957 (-3072 -2148 -792 ) (-3072 -2304 -792 ) (-3072 -2304 -704 ) (-3072 -2148 -704 ) 
4 945 949 (-2624 -2732 -200 ) (-2624 -2772 -200 ) (-2624 -2772 -160 ) (-2624 -2732 -160 ) 
4 946 947 (-3000 -2312 -204 ) (-3000 -2312 -312 ) (-2952 -2312 -312 ) (-2952 -2312 -204 ) 
4 947 948 (-2880 -2400 -312 ) (-2880 -2400 -88 ) (-3072 -2400 -88 ) (-3072 -2400 -312 ) 
4 948 958 (-3072 -2488 -312 ) (-3072 -2488 -88 ) (-3072 -2400 -88 ) (-3072 -2400 -312 ) 
4 948 950 (-3072 -2488 -88 ) (-3072 -2488 -312 ) (-2752 -2488 -312 ) (-2752 -2488 -88 ) 
4 949 950 (-2632 -2732 -200 ) (-2632 -2772 -200 ) (-2632 -2772 -160 ) (-2632 -2732 -160 ) 
4 950 967 (-3072 -2488 -208 ) (-3072 -2488 -312 ) (-3072 -2792 -312 ) (-3072 -2792 -208 ) 
4 950 966 (-3072 -2488 -200 ) (-3072 -2488 -208 ) (-3072 -2720 -208 ) (-3072 -2720 -200 ) 
4 950 961 (-3072 -2488 -160 ) (-3072 -2488 -200 ) (-3072 -2772 -200 ) (-3072 -2772 -160 ) 
4 950 960 (-3072 -2488 -152 ) (-3072 -2488 -160 ) (-3072 -2720 -160 ) (-3072 -2720 -152 ) 
4 950 959 (-3072 -2488 -88 ) (-3072 -2488 -152 ) (-3072 -2792 -152 ) (-3072 -2792 -88 ) 
4 951 953 (-3112 -2148 -320 ) (-3112 -2048 -320 ) (-3072 -2048 -320 ) (-3072 -2148 -320 ) 
4 951 952 (-3072 -2148 -312 ) (-3072 -2148 -168 ) (-3112 -2148 -168 ) (-3112 -2148 -312 ) 
4 953 955 (-3112 -2148 -512 ) (-3112 -2048 -512 ) (-3072 -2048 -512 ) (-3072 -2148 -512 ) 
4 953 954 (-3072 -2148 -504 ) (-3072 -2148 -320 ) (-3112 -2148 -320 ) (-3112 -2148 -504 ) 
4 955 956 (-3072 -2148 -696 ) (-3072 -2148 -512 ) (-3112 -2148 -512 ) (-3112 -2148 -696 ) 
4 955 957 (-3112 -2148 -792 ) (-3072 -2148 -792 ) (-3072 -2148 -704 ) (-3112 -2148 -704 ) 
4 958 968 (-3200 -2488 -312 ) (-3136 -2488 -312 ) (-3136 -2488 -88 ) (-3200 -2488 -88 ) 
4 958 967 (-3136 -2488 -312 ) (-3072 -2488 -312 ) (-3072 -2488 -208 ) (-3136 -2488 -208 ) 
4 958 966 (-3072 -2488 -208 ) (-3072 -2488 -200 ) (-3136 -2488 -200 ) (-3136 -2488 -208 ) 
4 958 965 (-3128 -2488 -160 ) (-3136 -2488 -160 ) (-3136 -2488 -200 ) (-3128 -2488 -200 ) 
4 958 963 (-3084 -2488 -160 ) (-3128 -2488 -160 ) (-3128 -2488 -200 ) (-3084 -2488 -200 ) 
4 958 961 (-3072 -2488 -200 ) (-3072 -2488 -160 ) (-3080 -2488 -160 ) (-3080 -2488 -200 ) 
4 958 962 (-3080 -2488 -160 ) (-3084 -2488 -160 ) (-3084 -2488 -200 ) (-3080 -2488 -200 ) 
4 958 960 (-3072 -2488 -160 ) (-3072 -2488 -152 ) (-3136 -2488 -152 ) (-3136 -2488 -160 ) 
4 958 959 (-3072 -2488 -152 ) (-3072 -2488 -88 ) (-3136 -2488 -88 ) (-3136 -2488 -152 ) 
4 959 968 (-3136 -2488 -88 ) (-3136 -2488 -152 ) (-3136 -2792 -152 ) (-3136 -2792 -88 ) 
4 959 960 (-3136 -2720 -152 ) (-3136 -2488 -152 ) (-3072 -2488 -152 ) (-3072 -2720 -152 ) 
4 960 968 (-3136 -2488 -152 ) (-3136 -2488 -160 ) (-3136 -2720 -160 ) (-3136 -2720 -152 ) 
4 960 965 (-3136 -2720 -160 ) (-3136 -2488 -160 ) (-3128 -2488 -160 ) (-3128 -2720 -160 ) 
4 960 963 (-3128 -2488 -160 ) (-3084 -2488 -160 ) (-3084 -2720 -160 ) (-3128 -2720 -160 ) 
4 960 961 (-3080 -2488 -160 ) (-3072 -2488 -160 ) (-3072 -2720 -160 ) (-3080 -2720 -160 ) 
4 960 962 (-3084 -2488 -160 ) (-3080 -2488 -160 ) (-3080 -2720 -160 ) (-3084 -2720 -160 ) 
4 961 966 (-3080 -2488 -200 ) (-3072 -2488 -200 ) (-3072 -2720 -200 ) (-3080 -2720 -200 ) 
4 961 962 (-3080 -2488 -200 ) (-3080 -2772 -200 ) (-3080 -2772 -160 ) (-3080 -2488 -160 ) 
4 962 969 (-3080 -3072 -160 ) (-3084 -3072 -160 ) (-3084 -3072 -200 ) (-3080 -3072 -200 ) 
4 962 966 (-3084 -2488 -200 ) (-3080 -2488 -200 ) (-3080 -2720 -200 ) (-3084 -2720 -200 ) 
4 962 963 (-3084 -2488 -200 ) (-3084 -2720 -200 ) (-3084 -2720 -160 ) (-3084 -2488 -160 ) 
4 962 964 (-3084 -2732 -200 ) (-3084 -3072 -200 ) (-3084 -3072 -160 ) (-3084 -2732 -160 ) 
4 963 966 (-3128 -2488 -200 ) (-3084 -2488 -200 ) (-3084 -2720 -200 ) (-3128 -2720 -200 ) 
4 963 965 (-3128 -2488 -200 ) (-3128 -2720 -200 ) (-3128 -2720 -160 ) (-3128 -2488 -160 ) 
4 964 969 (-3084 -3072 -160 ) (-3128 -3072 -160 ) (-3128 -3072 -200 ) (-3084 -3072 -200 ) 
4 965 968 (-3136 -2488 -160 ) (-3136 -2488 -200 ) (-3136 -2720 -200 ) (-3136 -2720 -160 ) 
4 965 966 (-3136 -2720 -200 ) (-3136 -2488 -200 ) (-3128 -2488 -200 ) (-3128 -2720 -200 ) 
4 966 968 (-3136 -2488 -200 ) (-3136 -2488 -208 ) (-3136 -2720 -208 ) (-3136 -2720 -200 ) 
4 966 967 (-3136 -2720 -208 ) (-3136 -2488 -208 ) (-3072 -2488 -208 ) (-3072 -2720 -208 ) 
4 967 968 (-3136 -2488 -208 ) (-3136 -2488 -312 ) (-3136 -2792 -312 ) (-3136 -2792 -208 ) 
